iata,hour,avg_movements
ABE,0,0.43
ABE,5,0.01
ABE,6,1.77
ABE,7,0.63
ABE,8,0.75
ABE,9,0.72
ABE,10,1.05
ABE,11,1.18
ABE,12,1.64
ABE,13,1.87
ABE,14,1.47
ABE,15,0.98
ABE,16,0.74
ABE,17,1.08
ABE,18,0.64
ABE,19,0.56
ABE,20,0.65
ABE,21,0.73
ABE,22,0.93
ABE,23,0.67
ABI,5,0.48
ABI,6,0.66
ABI,7,0.56
ABI,8,0.3
ABI,9,0.81
ABI,10,1.94
ABI,11,0.47
ABI,12,0.48
ABI,13,0.81
ABI,14,0.93
ABI,16,0.01
ABI,17,0.92
ABI,18,1.72
ABI,19,0.15
ABI,20,0.69
ABI,21,0.46
ABI,22,0.46
ABI,23,0.32
ABQ,0,1.41
ABQ,1,0.16
ABQ,2,0.0
ABQ,5,4.17
ABQ,6,8.21
ABQ,7,5.61
ABQ,8,5.15
ABQ,9,5.72
ABQ,10,8.98
ABQ,11,11.02
ABQ,12,11.45
ABQ,13,8.94
ABQ,14,7.73
ABQ,15,7.31
ABQ,16,7.4
ABQ,17,8.03
ABQ,18,7.4
ABQ,19,4.81
ABQ,20,4.32
ABQ,21,5.12
ABQ,22,7.46
ABQ,23,4.48
ABR,6,1.0
ABR,10,0.16
ABR,14,1.81
ABR,15,0.18
ABR,19,0.15
ABR,21,0.85
ABY,6,0.23
ABY,7,0.08
ABY,11,0.26
ABY,12,0.2
ABY,13,0.07
ABY,17,0.51
ABY,18,0.02
ABY,20,0.31
ACK,9,0.06
ACK,10,1.3
ACK,11,1.19
ACK,12,1.0
ACK,13,0.88
ACK,14,1.01
ACK,15,1.35
ACK,16,1.21
ACK,17,0.86
ACK,18,0.37
ACK,19,0.03
ACT,5,0.97
ACT,6,0.02
ACT,9,0.3
ACT,10,1.46
ACT,11,0.2
ACT,13,0.0
ACT,14,0.0
ACT,15,0.0
ACT,17,1.06
ACT,18,0.88
ACT,20,0.01
ACT,21,0.01
ACT,22,0.39
ACT,23,0.58
ACV,0,0.06
ACV,5,0.07
ACV,6,0.49
ACV,7,0.79
ACV,8,0.32
ACV,10,0.55
ACV,11,0.39
ACV,12,1.0
ACV,13,1.05
ACV,14,2.33
ACV,15,1.19
ACV,16,0.87
ACV,17,0.57
ACV,18,0.91
ACV,19,0.24
ACV,20,0.05
ACV,21,0.02
ACV,22,1.1
ACV,23,0.08
ACY,0,0.18
ACY,5,0.54
ACY,6,0.91
ACY,7,0.58
ACY,8,0.11
ACY,9,0.68
ACY,10,0.73
ACY,11,0.64
ACY,12,1.02
ACY,13,0.69
ACY,14,0.56
ACY,15,0.44
ACY,16,0.76
ACY,17,0.68
ACY,18,0.59
ACY,19,0.65
ACY,20,0.75
ACY,21,0.53
ACY,22,0.43
ACY,23,1.01
ADK,13,0.2
ADK,14,0.26
ADK,15,0.11
ADQ,7,0.98
ADQ,8,0.39
ADQ,9,0.39
ADQ,14,0.25
ADQ,15,0.99
ADQ,16,0.74
ADQ,19,0.99
ADQ,20,0.01
AEX,5,0.39
AEX,6,0.59
AEX,9,0.88
AEX,10,1.09
AEX,11,0.01
AEX,13,0.1
AEX,14,0.2
AEX,15,0.1
AEX,16,0.2
AEX,17,0.92
AEX,18,0.86
AEX,19,0.2
AEX,22,0.64
AEX,23,0.33
AGS,5,0.2
AGS,6,1.22
AGS,7,0.89
AGS,8,0.02
AGS,9,0.29
AGS,10,0.43
AGS,11,0.6
AGS,12,0.1
AGS,13,0.27
AGS,14,0.65
AGS,15,1.02
AGS,16,1.21
AGS,17,0.58
AGS,18,0.21
AGS,19,0.17
AGS,20,0.12
AGS,21,0.7
AGS,22,0.87
AGS,23,0.45
AKN,10,0.02
AKN,11,0.02
AKN,12,0.03
AKN,13,0.04
AKN,14,0.03
AKN,16,0.32
AKN,17,0.39
AKN,18,0.08
ALB,0,0.87
ALB,1,0.06
ALB,5,2.29
ALB,6,5.94
ALB,7,3.14
ALB,8,2.7
ALB,9,1.92
ALB,10,2.16
ALB,11,4.97
ALB,12,6.79
ALB,13,3.36
ALB,14,3.27
ALB,15,2.86
ALB,16,6.22
ALB,17,6.92
ALB,18,3.94
ALB,19,2.21
ALB,20,1.16
ALB,21,2.22
ALB,22,2.4
ALB,23,5.41
ALO,0,0.2
ALO,5,0.52
ALO,6,0.47
ALO,7,0.0
ALO,8,0.01
ALO,9,0.01
ALO,13,0.12
ALO,14,0.75
ALO,15,0.67
ALO,16,0.08
ALO,18,0.01
ALO,19,0.03
ALO,20,0.01
ALO,21,0.01
ALO,22,0.16
ALO,23,0.56
AMA,0,0.03
AMA,5,1.29
AMA,6,1.21
AMA,7,0.81
AMA,8,0.98
AMA,9,1.33
AMA,10,1.85
AMA,11,0.98
AMA,12,2.02
AMA,13,1.76
AMA,14,1.61
AMA,15,1.58
AMA,16,2.96
AMA,17,2.07
AMA,18,2.12
AMA,19,0.74
AMA,20,0.46
AMA,21,1.56
AMA,22,0.94
AMA,23,1.15
ANC,0,6.04
ANC,1,4.38
ANC,2,1.69
ANC,4,0.42
ANC,5,2.8
ANC,6,4.34
ANC,7,2.97
ANC,8,2.92
ANC,9,4.68
ANC,10,6.01
ANC,11,4.32
ANC,12,3.84
ANC,13,6.86
ANC,14,8.15
ANC,15,4.95
ANC,16,3.96
ANC,17,4.35
ANC,18,6.01
ANC,19,6.3
ANC,20,6.24
ANC,21,5.22
ANC,22,5.89
ANC,23,7.3
APN,9,0.83
APN,10,0.83
APN,13,0.16
APN,14,0.16
APN,17,1.36
APN,18,0.1
ASE,7,3.13
ASE,8,1.34
ASE,9,2.0
ASE,10,2.99
ASE,11,5.61
ASE,12,6.58
ASE,13,4.58
ASE,14,3.81
ASE,15,2.11
ASE,16,2.69
ASE,17,1.79
ASE,18,2.29
ASE,19,1.82
ASE,20,1.95
ASE,21,1.16
ASE,22,0.39
ATL,0,4.44
ATL,1,0.97
ATL,2,0.01
ATL,3,0.01
ATL,4,0.58
ATL,5,16.27
ATL,6,37.3
ATL,7,87.6
ATL,8,141.33
ATL,9,122.45
ATL,10,94.66
ATL,11,102.02
ATL,12,90.36
ATL,13,93.3
ATL,14,105.91
ATL,15,120.81
ATL,16,100.72
ATL,17,87.28
ATL,18,93.45
ATL,19,110.66
ATL,20,103.97
ATL,21,115.63
ATL,22,72.28
ATL,23,28.67
ATW,0,0.12
ATW,1,0.01
ATW,5,1.6
ATW,6,3.78
ATW,7,2.23
ATW,8,1.8
ATW,9,1.74
ATW,10,2.5
ATW,11,2.45
ATW,12,2.04
ATW,13,1.36
ATW,14,2.44
ATW,15,3.06
ATW,16,3.03
ATW,17,2.45
ATW,18,2.35
ATW,19,0.74
ATW,20,1.38
ATW,21,3.52
ATW,22,2.01
ATW,23,1.59
ATY,5,0.59
ATY,6,0.4
ATY,7,0.0
ATY,8,0.0
ATY,10,0.0
ATY,11,0.0
ATY,14,0.01
ATY,16,0.55
ATY,17,0.44
ATY,18,0.99
ATY,19,0.4
ATY,21,0.52
ATY,22,0.07
ATY,23,0.0
AUS,0,7.08
AUS,1,0.82
AUS,2,0.01
AUS,3,0.02
AUS,4,0.24
AUS,5,12.15
AUS,6,20.45
AUS,7,21.91
AUS,8,26.23
AUS,9,22.25
AUS,10,24.87
AUS,11,27.9
AUS,12,30.68
AUS,13,32.27
AUS,14,35.09
AUS,15,33.55
AUS,16,32.3
AUS,17,32.57
AUS,18,28.84
AUS,19,29.36
AUS,20,18.87
AUS,21,21.26
AUS,22,16.28
AUS,23,15.47
AVL,0,0.2
AVL,2,0.0
AVL,5,1.27
AVL,6,2.71
AVL,7,2.27
AVL,8,1.42
AVL,9,1.84
AVL,10,3.45
AVL,11,4.86
AVL,12,2.51
AVL,13,4.45
AVL,14,3.23
AVL,15,4.04
AVL,16,4.23
AVL,17,4.12
AVL,18,3.64
AVL,19,2.56
AVL,20,1.58
AVL,21,1.51
AVL,22,2.36
AVL,23,2.38
AVP,0,0.42
AVP,5,0.0
AVP,6,1.56
AVP,7,0.54
AVP,10,0.14
AVP,11,0.7
AVP,12,1.01
AVP,13,0.28
AVP,14,0.29
AVP,15,0.25
AVP,16,0.89
AVP,17,1.33
AVP,18,0.92
AVP,19,0.07
AVP,20,0.13
AVP,21,0.21
AVP,22,0.3
AVP,23,0.94
AZA,5,0.02
AZA,6,1.36
AZA,7,2.79
AZA,8,2.54
AZA,9,1.84
AZA,10,1.49
AZA,11,1.33
AZA,12,1.43
AZA,13,2.27
AZA,14,4.06
AZA,15,3.57
AZA,16,2.32
AZA,17,1.58
AZA,18,1.07
AZA,19,0.82
AZA,20,0.94
AZA,21,1.72
AZA,22,2.41
AZA,23,0.97
AZO,0,0.4
AZO,5,1.18
AZO,6,0.48
AZO,7,0.32
AZO,8,0.02
AZO,9,0.01
AZO,10,0.83
AZO,11,1.44
AZO,12,0.74
AZO,13,0.19
AZO,14,0.22
AZO,15,0.77
AZO,16,0.36
AZO,17,1.5
AZO,18,0.75
AZO,19,0.16
AZO,20,0.14
AZO,21,0.05
AZO,22,0.41
AZO,23,0.96
BDL,0,0.97
BDL,1,0.01
BDL,3,0.01
BDL,5,4.45
BDL,6,9.55
BDL,7,6.23
BDL,8,5.93
BDL,9,5.13
BDL,10,5.54
BDL,11,7.5
BDL,12,8.09
BDL,13,6.01
BDL,14,6.62
BDL,15,6.25
BDL,16,9.4
BDL,17,8.69
BDL,18,5.73
BDL,19,4.77
BDL,20,2.41
BDL,21,3.58
BDL,22,4.69
BDL,23,10.86
BET,8,0.04
BET,9,0.04
BET,11,0.21
BET,12,1.02
BET,13,0.67
BET,19,1.2
BET,20,0.78
BFF,8,0.27
BFF,9,0.57
BFF,10,0.76
BFF,17,0.92
BFF,18,0.92
BFL,0,0.04
BFL,5,1.0
BFL,6,2.19
BFL,7,0.25
BFL,8,0.07
BFL,9,1.15
BFL,10,0.2
BFL,11,0.98
BFL,12,2.55
BFL,13,1.66
BFL,14,0.62
BFL,15,0.1
BFL,16,0.99
BFL,17,0.02
BFL,18,1.08
BFL,19,0.23
BFL,20,0.52
BFL,21,1.18
BFL,22,1.06
BFL,23,0.17
BGM,13,0.52
BGM,14,0.84
BGM,15,0.02
BGM,16,0.08
BGR,5,0.99
BGR,6,1.16
BGR,7,0.58
BGR,9,0.34
BGR,10,1.15
BGR,11,2.39
BGR,12,3.26
BGR,13,0.98
BGR,14,0.78
BGR,15,1.67
BGR,16,2.44
BGR,17,1.64
BGR,18,1.03
BGR,19,0.68
BGR,20,0.18
BGR,21,0.68
BGR,22,0.41
BGR,23,1.46
BHM,0,0.39
BHM,1,0.01
BHM,5,4.07
BHM,6,6.92
BHM,7,3.59
BHM,8,3.66
BHM,9,5.36
BHM,10,7.83
BHM,11,4.35
BHM,12,5.47
BHM,13,4.01
BHM,14,5.75
BHM,15,5.87
BHM,16,6.24
BHM,17,7.8
BHM,18,5.24
BHM,19,2.76
BHM,20,2.2
BHM,21,4.01
BHM,22,3.45
BHM,23,3.76
BIH,9,0.09
BIH,12,0.3
BIH,13,0.84
BIH,14,0.46
BIH,15,0.07
BIH,16,0.21
BIH,17,0.03
BIH,18,0.03
BIH,20,0.09
BIL,0,0.12
BIL,5,1.88
BIL,6,2.06
BIL,7,1.06
BIL,8,0.03
BIL,9,1.29
BIL,10,1.67
BIL,11,2.18
BIL,12,1.06
BIL,13,2.78
BIL,14,1.34
BIL,15,0.51
BIL,16,0.52
BIL,17,2.62
BIL,18,1.3
BIL,19,0.24
BIL,20,0.59
BIL,21,1.15
BIL,22,1.96
BIL,23,1.07
BIS,2,0.01
BIS,5,1.04
BIS,6,1.62
BIS,7,0.42
BIS,8,0.55
BIS,9,0.75
BIS,10,0.86
BIS,11,1.16
BIS,12,2.41
BIS,13,2.82
BIS,14,1.45
BIS,15,0.08
BIS,16,1.17
BIS,17,1.49
BIS,18,0.4
BIS,19,0.69
BIS,20,1.18
BIS,21,0.42
BIS,22,0.81
BIS,23,1.9
BJI,6,1.0
BJI,10,0.01
BJI,14,1.88
BJI,15,0.1
BJI,22,0.99
BLI,0,0.62
BLI,5,0.72
BLI,6,0.51
BLI,7,0.4
BLI,8,1.01
BLI,9,0.47
BLI,10,0.17
BLI,11,0.29
BLI,12,1.44
BLI,13,1.15
BLI,14,0.61
BLI,15,1.09
BLI,16,0.64
BLI,17,0.5
BLI,18,0.27
BLI,19,0.18
BLI,20,0.12
BLI,21,0.81
BLI,22,0.59
BLI,23,0.66
BLV,7,0.29
BLV,8,0.67
BLV,9,0.77
BLV,10,0.72
BLV,11,0.41
BLV,12,0.37
BLV,13,0.45
BLV,14,0.63
BLV,15,0.53
BLV,16,0.55
BLV,17,0.41
BLV,18,0.23
BLV,19,0.56
BLV,20,0.64
BLV,21,0.41
BMI,0,0.17
BMI,5,0.64
BMI,6,1.26
BMI,7,0.18
BMI,8,0.48
BMI,9,0.31
BMI,10,0.36
BMI,11,0.64
BMI,12,0.02
BMI,13,0.02
BMI,14,1.16
BMI,15,1.83
BMI,16,0.34
BMI,17,0.42
BMI,18,0.25
BMI,19,0.48
BMI,20,0.45
BMI,21,0.41
BMI,22,0.57
BMI,23,0.7
BNA,0,2.28
BNA,1,0.27
BNA,2,0.0
BNA,3,0.01
BNA,4,0.44
BNA,5,15.65
BNA,6,27.89
BNA,7,34.87
BNA,8,33.93
BNA,9,35.14
BNA,10,34.18
BNA,11,34.51
BNA,12,35.75
BNA,13,38.44
BNA,14,36.27
BNA,15,34.62
BNA,16,40.51
BNA,17,41.07
BNA,18,41.83
BNA,19,33.84
BNA,20,27.07
BNA,21,24.91
BNA,22,16.1
BNA,23,10.08
BOI,0,1.88
BOI,1,0.53
BOI,5,4.59
BOI,6,6.36
BOI,7,6.71
BOI,8,5.12
BOI,9,4.79
BOI,10,7.23
BOI,11,6.93
BOI,12,9.81
BOI,13,12.39
BOI,14,7.73
BOI,15,6.41
BOI,16,6.68
BOI,17,7.79
BOI,18,5.84
BOI,19,5.15
BOI,20,2.92
BOI,21,4.42
BOI,22,8.36
BOI,23,8.27
BOS,0,6.76
BOS,1,2.13
BOS,2,0.03
BOS,3,0.05
BOS,4,0.45
BOS,5,17.47
BOS,6,38.96
BOS,7,51.08
BOS,8,48.72
BOS,9,47.56
BOS,10,44.89
BOS,11,40.82
BOS,12,39.88
BOS,13,38.47
BOS,14,43.92
BOS,15,50.25
BOS,16,50.04
BOS,17,52.57
BOS,18,46.64
BOS,19,45.7
BOS,20,41.48
BOS,21,26.37
BOS,22,21.03
BOS,23,30.72
BPT,0,0.03
BPT,5,0.43
BPT,6,0.56
BPT,13,0.41
BPT,14,1.35
BPT,15,0.21
BPT,19,0.01
BPT,20,0.02
BPT,21,0.1
BPT,22,0.68
BPT,23,0.16
BQK,12,0.02
BQN,0,0.88
BQN,1,0.8
BQN,2,1.39
BQN,3,0.92
BQN,4,0.22
BQN,5,0.8
BQN,6,0.49
BQN,7,0.32
BQN,8,0.48
BQN,9,0.18
BQN,10,0.09
BQN,11,0.21
BQN,12,0.24
BQN,13,0.26
BQN,14,0.39
BQN,15,0.47
BQN,16,0.41
BQN,17,0.42
BQN,18,0.47
BQN,19,0.39
BQN,20,0.37
BQN,21,0.27
BQN,22,0.55
BQN,23,1.14
BRD,6,0.4
BRD,9,0.01
BRD,10,1.23
BRD,11,0.24
BRD,17,0.59
BRD,18,0.86
BRD,19,0.07
BRD,20,0.0
BRD,21,0.07
BRO,0,0.2
BRO,5,0.89
BRO,6,0.1
BRO,9,0.19
BRO,10,1.74
BRO,14,1.61
BRO,15,0.29
BRO,17,0.22
BRO,18,1.2
BRO,19,0.5
BRO,20,0.08
BRO,21,0.01
BRO,22,0.55
BRO,23,0.21
BRW,16,1.39
BRW,17,0.58
BTM,9,0.54
BTM,10,0.46
BTM,14,0.08
BTM,15,0.08
BTM,16,0.16
BTM,17,0.75
BTM,18,0.91
BTM,22,0.99
BTR,0,0.01
BTR,5,0.79
BTR,6,2.16
BTR,7,1.36
BTR,8,0.3
BTR,9,1.03
BTR,10,1.72
BTR,11,0.82
BTR,12,0.94
BTR,13,2.01
BTR,14,1.65
BTR,15,1.57
BTR,16,2.28
BTR,17,1.59
BTR,18,1.88
BTR,19,1.04
BTR,20,0.78
BTR,21,1.26
BTR,22,2.08
BTR,23,0.38
BTV,0,0.24
BTV,5,2.17
BTV,6,3.24
BTV,7,0.88
BTV,8,0.1
BTV,9,0.82
BTV,10,1.97
BTV,11,2.35
BTV,12,2.35
BTV,13,0.47
BTV,14,2.16
BTV,15,2.36
BTV,16,3.54
BTV,17,2.45
BTV,18,1.31
BTV,19,0.77
BTV,20,0.08
BTV,21,1.14
BTV,22,1.43
BTV,23,3.5
BUF,0,0.96
BUF,1,0.06
BUF,2,0.0
BUF,5,2.72
BUF,6,9.67
BUF,7,5.7
BUF,8,4.75
BUF,9,4.89
BUF,10,6.16
BUF,11,7.61
BUF,12,8.56
BUF,13,4.42
BUF,14,3.88
BUF,15,5.32
BUF,16,7.87
BUF,17,9.02
BUF,18,6.5
BUF,19,5.73
BUF,20,3.19
BUF,21,3.96
BUF,22,6.02
BUF,23,6.59
BUR,7,13.83
BUR,8,11.4
BUR,9,12.59
BUR,10,9.48
BUR,11,10.96
BUR,12,13.25
BUR,13,12.11
BUR,14,10.15
BUR,15,9.4
BUR,16,10.36
BUR,17,9.68
BUR,18,10.56
BUR,19,9.16
BUR,20,10.9
BUR,21,10.22
BUR,22,0.01
BWI,0,5.74
BWI,1,0.56
BWI,3,0.01
BWI,4,0.18
BWI,5,11.98
BWI,6,27.87
BWI,7,28.56
BWI,8,34.32
BWI,9,34.28
BWI,10,36.15
BWI,11,24.0
BWI,12,21.76
BWI,13,25.93
BWI,14,27.56
BWI,15,29.0
BWI,16,26.07
BWI,17,32.99
BWI,18,33.85
BWI,19,35.49
BWI,20,28.59
BWI,21,25.79
BWI,22,15.66
BWI,23,11.1
BZN,0,0.86
BZN,1,0.07
BZN,5,1.7
BZN,6,2.42
BZN,7,2.45
BZN,8,1.16
BZN,9,2.15
BZN,10,5.16
BZN,11,6.02
BZN,12,6.14
BZN,13,6.47
BZN,14,6.87
BZN,15,6.77
BZN,16,4.31
BZN,17,2.25
BZN,18,2.18
BZN,19,1.19
BZN,20,0.75
BZN,21,1.34
BZN,22,2.29
BZN,23,2.12
CAE,0,0.15
CAE,3,0.01
CAE,5,1.04
CAE,6,3.1
CAE,7,0.99
CAE,8,0.22
CAE,9,0.9
CAE,10,2.58
CAE,11,1.25
CAE,12,0.88
CAE,13,1.84
CAE,14,1.56
CAE,15,2.28
CAE,16,2.36
CAE,17,2.01
CAE,18,1.78
CAE,19,2.4
CAE,20,0.6
CAE,21,0.96
CAE,22,0.85
CAE,23,2.37
CAK,0,0.08
CAK,5,0.14
CAK,6,1.52
CAK,7,1.25
CAK,8,1.64
CAK,9,1.36
CAK,10,1.39
CAK,11,1.07
CAK,12,0.64
CAK,13,2.37
CAK,14,1.66
CAK,15,0.63
CAK,16,1.14
CAK,17,3.14
CAK,18,2.44
CAK,19,1.03
CAK,20,2.31
CAK,21,1.25
CAK,22,1.2
CAK,23,0.74
CDC,8,0.52
CDC,9,0.76
CDC,10,0.18
CDC,11,0.31
CDC,12,0.1
CDC,13,0.1
CDC,14,0.01
CDC,15,0.01
CDC,18,1.19
CDC,19,0.26
CDV,12,1.22
CDV,13,0.92
CDV,14,1.04
CDV,15,0.79
CHA,0,0.35
CHA,5,1.01
CHA,6,1.99
CHA,7,1.99
CHA,8,0.81
CHA,9,0.22
CHA,10,0.76
CHA,11,1.38
CHA,12,1.25
CHA,13,1.51
CHA,14,1.44
CHA,15,1.65
CHA,16,2.28
CHA,17,2.41
CHA,18,2.1
CHA,19,0.77
CHA,20,1.29
CHA,21,1.5
CHA,22,1.32
CHA,23,1.93
CHO,0,0.21
CHO,2,0.01
CHO,5,0.09
CHO,6,0.81
CHO,7,0.4
CHO,8,0.28
CHO,9,0.13
CHO,10,1.16
CHO,11,0.03
CHO,12,0.34
CHO,13,0.35
CHO,14,1.24
CHO,15,0.48
CHO,16,0.92
CHO,17,1.9
CHO,18,0.15
CHO,19,0.01
CHO,20,0.58
CHO,21,0.44
CHO,22,0.25
CHO,23,0.14
CHS,0,0.82
CHS,1,0.01
CHS,2,0.0
CHS,3,0.01
CHS,5,2.22
CHS,6,7.49
CHS,7,4.52
CHS,8,4.19
CHS,9,4.06
CHS,10,10.72
CHS,11,9.92
CHS,12,7.3
CHS,13,7.32
CHS,14,10.54
CHS,15,9.26
CHS,16,8.59
CHS,17,9.0
CHS,18,10.14
CHS,19,10.43
CHS,20,5.05
CHS,21,4.35
CHS,22,3.68
CHS,23,4.98
CID,0,0.31
CID,5,2.14
CID,6,3.02
CID,7,1.69
CID,8,2.53
CID,9,1.92
CID,10,1.69
CID,11,2.19
CID,12,3.25
CID,13,3.04
CID,14,3.48
CID,15,2.42
CID,16,1.87
CID,17,2.58
CID,18,3.25
CID,19,1.82
CID,20,1.44
CID,21,1.9
CID,22,2.64
CID,23,2.84
CIU,6,0.4
CIU,7,0.57
CIU,11,0.01
CIU,12,0.17
CIU,13,0.17
CIU,14,0.25
CIU,15,1.46
CIU,16,0.48
CIU,19,0.99
CKB,8,0.01
CKB,9,0.1
CKB,10,0.2
CKB,12,0.09
CKB,13,0.29
CKB,14,0.32
CKB,15,0.09
CKB,16,0.12
CKB,17,0.06
CKB,18,0.03
CKB,19,0.36
CKB,20,0.29
CKB,21,0.26
CLD,6,0.98
CLD,7,0.34
CLD,8,0.34
CLD,11,1.26
CLD,12,1.49
CLD,13,0.59
CLD,16,0.43
CLD,17,0.08
CLD,18,0.75
CLD,19,0.31
CLD,20,0.64
CLD,21,0.06
CLD,22,0.19
CLE,0,4.56
CLE,1,0.45
CLE,2,0.01
CLE,3,0.0
CLE,4,0.15
CLE,5,5.39
CLE,6,14.72
CLE,7,12.26
CLE,8,9.08
CLE,9,9.63
CLE,10,11.35
CLE,11,10.44
CLE,12,12.06
CLE,13,11.88
CLE,14,12.4
CLE,15,15.08
CLE,16,15.27
CLE,17,13.39
CLE,18,14.85
CLE,19,13.13
CLE,20,9.39
CLE,21,6.93
CLE,22,9.86
CLE,23,10.12
CLL,5,0.45
CLL,6,0.55
CLL,9,1.09
CLL,10,0.88
CLL,11,0.01
CLL,13,0.42
CLL,14,0.29
CLL,15,0.0
CLL,16,0.01
CLL,17,0.72
CLL,18,1.25
CLL,19,0.01
CLL,20,0.01
CLL,22,0.38
CLL,23,0.59
CLT,0,1.53
CLT,3,0.01
CLT,4,0.0
CLT,5,9.59
CLT,6,26.13
CLT,7,53.59
CLT,8,59.34
CLT,9,64.47
CLT,10,63.76
CLT,11,63.74
CLT,12,47.09
CLT,13,62.66
CLT,14,53.73
CLT,15,62.2
CLT,16,62.13
CLT,17,56.75
CLT,18,58.55
CLT,19,62.07
CLT,20,65.29
CLT,21,70.85
CLT,22,41.68
CLT,23,9.41
CMH,0,4.29
CMH,1,0.52
CMH,2,0.01
CMH,5,6.64
CMH,6,16.32
CMH,7,12.13
CMH,8,10.93
CMH,9,11.64
CMH,10,13.79
CMH,11,15.02
CMH,12,13.6
CMH,13,11.56
CMH,14,12.3
CMH,15,14.45
CMH,16,13.97
CMH,17,17.66
CMH,18,17.0
CMH,19,13.1
CMH,20,10.31
CMH,21,8.56
CMH,22,11.21
CMH,23,9.97
CMI,6,1.23
CMI,7,0.62
CMI,9,0.26
CMI,10,0.44
CMI,11,1.0
CMI,12,0.06
CMI,13,0.2
CMI,14,1.33
CMI,15,1.2
CMI,16,0.14
CMI,17,0.03
CMI,18,1.06
CMI,19,0.33
CMI,20,0.82
CMI,21,0.97
CMI,22,0.1
CMX,0,0.43
CMX,8,0.83
CMX,9,0.17
CMX,14,1.15
CMX,15,0.84
CMX,16,0.0
CMX,17,0.0
CMX,18,0.1
CMX,19,0.26
CMX,23,0.56
COD,5,0.25
COD,6,0.37
COD,8,0.41
COD,9,0.21
COD,10,0.21
COD,12,0.23
COD,13,1.76
COD,15,0.0
COD,16,0.0
COD,17,0.55
COD,18,0.18
COD,22,0.99
COS,0,0.37
COS,1,0.16
COS,5,2.28
COS,6,4.26
COS,7,3.55
COS,8,3.46
COS,9,3.97
COS,10,5.17
COS,11,6.32
COS,12,7.07
COS,13,4.24
COS,14,2.7
COS,15,2.93
COS,16,4.3
COS,17,4.7
COS,18,3.49
COS,19,1.61
COS,20,3.52
COS,21,3.63
COS,22,2.92
COS,23,1.59
COU,0,0.04
COU,5,0.04
COU,6,1.18
COU,7,1.02
COU,8,1.02
COU,9,1.12
COU,10,1.28
COU,11,2.09
COU,12,0.98
COU,13,0.43
COU,14,1.24
COU,15,1.09
COU,16,0.9
COU,17,1.21
COU,18,1.27
COU,19,1.23
COU,20,0.97
COU,21,1.36
COU,22,1.3
COU,23,0.17
CPR,1,0.01
CPR,5,0.96
CPR,7,0.99
CPR,8,0.48
CPR,9,0.96
CPR,10,0.91
CPR,11,1.0
CPR,12,1.0
CPR,13,0.99
CPR,14,1.0
CPR,15,0.99
CPR,16,0.53
CPR,17,0.79
CPR,18,1.05
CPR,19,0.6
CPR,20,1.0
CPR,21,0.34
CPR,22,0.64
CRP,5,0.41
CRP,6,1.73
CRP,7,1.06
CRP,8,0.35
CRP,9,1.35
CRP,10,1.21
CRP,11,1.54
CRP,12,2.19
CRP,13,0.84
CRP,14,1.17
CRP,15,1.86
CRP,16,1.22
CRP,17,1.22
CRP,18,1.39
CRP,19,1.51
CRP,20,0.98
CRP,21,0.53
CRP,22,1.01
CRP,23,0.99
CRW,0,0.08
CRW,5,0.5
CRW,6,1.32
CRW,7,0.9
CRW,8,0.13
CRW,9,0.13
CRW,10,1.17
CRW,11,1.13
CRW,12,0.42
CRW,13,0.79
CRW,14,0.23
CRW,15,0.4
CRW,16,0.41
CRW,17,2.25
CRW,18,0.92
CRW,19,0.79
CRW,20,0.88
CRW,21,0.71
CRW,22,0.65
CRW,23,0.79
CSG,11,0.04
CSG,12,0.04
CVG,0,2.42
CVG,1,0.28
CVG,2,0.04
CVG,4,0.07
CVG,5,5.45
CVG,6,12.52
CVG,7,11.43
CVG,8,8.1
CVG,9,5.94
CVG,10,7.76
CVG,11,10.56
CVG,12,9.48
CVG,13,10.88
CVG,14,11.52
CVG,15,12.56
CVG,16,10.66
CVG,17,11.07
CVG,18,10.85
CVG,19,11.12
CVG,20,8.56
CVG,21,7.93
CVG,22,7.19
CVG,23,9.44
CWA,0,0.16
CWA,5,0.35
CWA,6,0.65
CWA,8,0.01
CWA,9,0.81
CWA,10,0.17
CWA,11,0.46
CWA,12,0.01
CWA,13,0.31
CWA,14,0.14
CWA,15,0.05
CWA,16,0.24
CWA,17,0.52
CWA,18,0.74
CWA,19,0.09
CWA,20,0.09
CWA,21,0.01
CWA,22,0.1
CWA,23,0.59
CYS,5,0.2
CYS,6,0.8
CYS,9,0.01
CYS,11,0.01
CYS,12,0.09
CYS,13,1.68
CYS,14,0.23
CYS,17,0.0
CYS,21,0.99
DAB,0,0.52
DAB,5,0.05
DAB,6,1.85
DAB,7,0.14
DAB,8,0.01
DAB,9,0.33
DAB,10,1.97
DAB,11,2.29
DAB,12,0.85
DAB,13,2.03
DAB,14,1.37
DAB,15,1.35
DAB,16,0.83
DAB,17,1.17
DAB,18,1.33
DAB,19,0.56
DAB,20,0.2
DAB,21,0.24
DAB,22,0.4
DAB,23,0.85
DAL,5,0.08
DAL,6,18.35
DAL,7,22.15
DAL,8,24.21
DAL,9,21.72
DAL,10,21.48
DAL,11,24.42
DAL,12,25.29
DAL,13,25.19
DAL,14,22.03
DAL,15,24.52
DAL,16,25.24
DAL,17,21.84
DAL,18,22.62
DAL,19,25.3
DAL,20,22.51
DAL,21,18.96
DAL,22,14.36
DAL,23,5.67
DAY,0,0.19
DAY,5,0.34
DAY,6,3.6
DAY,7,1.75
DAY,8,2.29
DAY,9,2.36
DAY,10,1.96
DAY,11,2.22
DAY,12,3.05
DAY,13,3.04
DAY,14,1.5
DAY,15,1.37
DAY,16,1.61
DAY,17,4.06
DAY,18,3.62
DAY,19,1.59
DAY,20,1.98
DAY,21,2.04
DAY,22,2.66
DAY,23,2.16
DCA,0,1.07
DCA,1,0.1
DCA,5,2.88
DCA,6,35.25
DCA,7,44.58
DCA,8,48.81
DCA,9,43.99
DCA,10,45.99
DCA,11,46.43
DCA,12,45.94
DCA,13,52.11
DCA,14,47.65
DCA,15,47.75
DCA,16,49.09
DCA,17,46.53
DCA,18,46.37
DCA,19,45.41
DCA,20,45.43
DCA,21,32.04
DCA,22,38.01
DCA,23,13.7
DDC,10,1.16
DDC,11,0.64
DDC,18,0.82
DDC,19,0.82
DEC,8,0.67
DEC,9,0.92
DEC,17,0.73
DEC,18,0.53
DEC,19,0.59
DEN,0,9.19
DEN,1,0.66
DEN,2,0.02
DEN,3,0.73
DEN,4,0.37
DEN,5,10.4
DEN,6,59.83
DEN,7,81.16
DEN,8,124.28
DEN,9,107.4
DEN,10,144.06
DEN,11,115.03
DEN,12,113.38
DEN,13,103.05
DEN,14,94.12
DEN,15,80.25
DEN,16,125.31
DEN,17,122.78
DEN,18,109.81
DEN,19,149.61
DEN,20,80.35
DEN,21,54.04
DEN,22,30.26
DEN,23,32.95
DFW,0,5.57
DFW,1,0.64
DFW,2,0.01
DFW,3,0.01
DFW,4,2.36
DFW,5,20.05
DFW,6,30.96
DFW,7,121.25
DFW,8,126.43
DFW,9,105.29
DFW,10,99.32
DFW,11,110.61
DFW,12,103.15
DFW,13,102.77
DFW,14,91.33
DFW,15,104.25
DFW,16,93.01
DFW,17,107.29
DFW,18,98.82
DFW,19,124.94
DFW,20,94.0
DFW,21,115.41
DFW,22,38.83
DFW,23,16.12
DHN,10,0.06
DHN,11,0.06
DHN,12,0.0
DHN,17,0.02
DHN,18,0.02
DIK,8,1.0
DIK,15,0.33
DIK,16,0.56
DIK,17,0.88
DIK,18,0.08
DIK,22,0.91
DLG,11,0.12
DLG,12,0.12
DLG,15,0.01
DLG,16,0.19
DLG,17,0.19
DLH,0,0.04
DLH,5,1.02
DLH,6,0.07
DLH,7,1.01
DLH,8,0.67
DLH,9,0.19
DLH,10,1.14
DLH,11,1.58
DLH,12,0.57
DLH,14,1.1
DLH,15,1.69
DLH,16,0.8
DLH,17,0.2
DLH,18,0.59
DLH,19,0.59
DLH,20,0.1
DLH,21,0.4
DLH,22,1.05
DLH,23,0.51
DRO,0,0.21
DRO,1,0.01
DRO,2,0.0
DRO,5,1.18
DRO,6,0.73
DRO,7,1.24
DRO,8,0.72
DRO,9,1.49
DRO,10,1.65
DRO,11,3.24
DRO,12,2.59
DRO,13,1.11
DRO,14,1.06
DRO,15,1.06
DRO,16,1.92
DRO,17,1.25
DRO,18,2.3
DRO,19,0.31
DRO,20,1.19
DRO,21,0.88
DRO,22,1.04
DRO,23,0.09
DSM,0,0.76
DSM,1,0.02
DSM,5,4.95
DSM,6,4.84
DSM,7,2.83
DSM,8,3.59
DSM,9,3.03
DSM,10,3.93
DSM,11,4.88
DSM,12,4.28
DSM,13,7.51
DSM,14,6.4
DSM,15,5.49
DSM,16,4.4
DSM,17,5.09
DSM,18,5.61
DSM,19,2.54
DSM,20,2.72
DSM,21,3.1
DSM,22,4.48
DSM,23,4.92
DTW,0,4.52
DTW,1,0.24
DTW,2,0.01
DTW,3,0.0
DTW,4,0.4
DTW,5,10.63
DTW,6,20.09
DTW,7,46.03
DTW,8,49.54
DTW,9,34.63
DTW,10,41.44
DTW,11,30.63
DTW,12,42.62
DTW,13,27.51
DTW,14,40.98
DTW,15,45.74
DTW,16,43.56
DTW,17,29.9
DTW,18,32.42
DTW,19,49.99
DTW,20,46.45
DTW,21,33.68
DTW,22,22.78
DTW,23,14.04
DVL,10,0.55
DVL,11,0.91
DVL,16,0.3
DVL,17,0.69
DVL,18,0.99
EAR,6,0.99
EAR,9,0.01
EAR,12,0.1
EAR,13,0.35
EAR,14,0.77
EAR,15,0.72
EAR,16,0.01
EAR,22,0.76
EAR,23,0.24
EAU,0,0.0
EAU,5,0.96
EAU,8,0.0
EAU,9,0.04
EAU,13,0.27
EAU,14,1.18
EAU,15,0.01
EAU,17,0.01
EAU,18,0.02
EAU,20,0.0
EAU,22,0.27
EAU,23,0.68
ECP,0,0.01
ECP,2,0.0
ECP,5,0.22
ECP,6,1.92
ECP,7,3.02
ECP,8,1.58
ECP,9,3.41
ECP,10,3.72
ECP,11,3.82
ECP,12,4.81
ECP,13,5.35
ECP,14,4.25
ECP,15,4.85
ECP,16,3.81
ECP,17,3.38
ECP,18,3.07
ECP,19,1.52
ECP,20,0.62
ECP,21,1.42
ECP,22,0.89
ECP,23,1.34
EGE,7,1.5
EGE,8,0.91
EGE,9,0.46
EGE,10,2.01
EGE,11,2.63
EGE,12,3.72
EGE,13,3.14
EGE,14,2.12
EGE,15,1.96
EGE,16,0.45
EGE,17,0.3
EGE,18,0.75
EGE,19,0.55
EGE,20,1.01
EGE,21,0.14
EGE,22,0.06
EKO,6,1.0
EKO,8,0.0
EKO,11,0.44
EKO,12,0.44
EKO,13,0.15
EKO,14,0.14
EKO,17,0.07
EKO,21,0.92
ELM,6,1.0
ELM,8,0.12
ELM,9,0.2
ELM,10,0.27
ELM,11,0.78
ELM,12,0.91
ELM,13,0.13
ELM,14,0.12
ELM,15,0.32
ELM,16,0.36
ELM,17,1.31
ELM,18,0.23
ELM,19,0.17
ELM,20,0.18
ELM,21,0.1
ELM,22,0.69
ELM,23,0.2
ELP,0,1.07
ELP,1,0.1
ELP,2,0.0
ELP,5,3.01
ELP,6,6.84
ELP,7,4.02
ELP,8,3.24
ELP,9,3.67
ELP,10,4.59
ELP,11,7.46
ELP,12,7.24
ELP,13,6.07
ELP,14,5.4
ELP,15,4.65
ELP,16,3.88
ELP,17,4.27
ELP,18,5.25
ELP,19,4.19
ELP,20,3.24
ELP,21,3.72
ELP,22,4.32
ELP,23,3.45
ERI,0,0.02
ERI,6,0.16
ERI,10,0.05
ERI,11,0.05
ERI,12,0.11
ERI,23,0.14
ESC,6,1.0
ESC,9,0.0
ESC,11,1.37
ESC,12,0.07
ESC,17,0.01
ESC,22,0.7
ESC,23,0.29
EUG,0,0.39
EUG,1,0.0
EUG,5,3.57
EUG,6,3.67
EUG,7,1.07
EUG,8,0.49
EUG,9,0.61
EUG,10,1.7
EUG,11,4.44
EUG,12,5.71
EUG,13,4.93
EUG,14,2.83
EUG,15,2.38
EUG,16,2.15
EUG,17,3.18
EUG,18,2.08
EUG,19,1.04
EUG,20,0.5
EUG,21,2.41
EUG,22,2.91
EUG,23,2.71
EVV,0,0.09
EVV,5,0.2
EVV,6,0.99
EVV,7,1.04
EVV,8,0.17
EVV,9,0.06
EVV,10,0.47
EVV,11,0.28
EVV,12,0.39
EVV,13,0.44
EVV,14,0.25
EVV,15,1.19
EVV,16,0.93
EVV,17,1.17
EVV,18,0.67
EVV,19,0.3
EVV,20,0.29
EVV,21,0.31
EVV,22,0.25
EVV,23,1.18
EWN,5,0.1
EWN,6,0.13
EWN,8,0.01
EWN,9,0.0
EWN,14,0.01
EWN,15,0.08
EWN,16,0.32
EWN,17,0.14
EWN,18,0.1
EWN,19,0.25
EWN,20,0.02
EWN,21,0.11
EWN,22,0.09
EWN,23,0.03
EWR,0,5.83
EWR,1,1.95
EWR,3,0.01
EWR,4,1.18
EWR,5,12.93
EWR,6,34.06
EWR,7,43.82
EWR,8,37.08
EWR,9,40.04
EWR,10,38.89
EWR,11,36.43
EWR,12,24.25
EWR,13,36.15
EWR,14,39.76
EWR,15,42.28
EWR,16,41.54
EWR,17,41.89
EWR,18,39.77
EWR,19,39.49
EWR,20,39.94
EWR,21,38.32
EWR,22,17.78
EWR,23,19.65
EYW,6,0.22
EYW,7,1.46
EYW,8,0.36
EYW,9,0.45
EYW,10,2.03
EYW,11,4.61
EYW,12,5.17
EYW,13,6.68
EYW,14,5.86
EYW,15,3.56
EYW,16,4.76
EYW,17,3.88
EYW,18,2.46
EYW,19,2.53
EYW,20,0.54
EYW,21,0.39
EYW,22,0.62
EYW,23,0.17
FAI,0,2.5
FAI,1,1.74
FAI,2,1.45
FAI,3,0.0
FAI,5,1.41
FAI,6,0.27
FAI,7,0.81
FAI,8,1.01
FAI,9,0.44
FAI,10,0.52
FAI,11,1.26
FAI,12,1.81
FAI,13,1.28
FAI,14,1.41
FAI,15,1.45
FAI,16,0.5
FAI,17,0.12
FAI,18,0.02
FAI,19,0.99
FAI,20,1.4
FAI,21,0.79
FAI,22,0.89
FAI,23,0.77
FAR,0,0.13
FAR,5,1.71
FAR,6,1.76
FAR,7,2.18
FAR,8,0.18
FAR,9,1.27
FAR,10,2.68
FAR,11,3.06
FAR,12,3.75
FAR,13,3.37
FAR,14,1.13
FAR,15,1.13
FAR,16,3.15
FAR,17,2.7
FAR,18,1.39
FAR,19,1.64
FAR,20,1.62
FAR,21,1.11
FAR,22,1.3
FAR,23,2.53
FAT,0,0.21
FAT,5,2.09
FAT,6,6.38
FAT,7,2.05
FAT,8,3.02
FAT,9,5.59
FAT,10,4.25
FAT,11,4.38
FAT,12,5.44
FAT,13,4.28
FAT,14,3.86
FAT,15,3.24
FAT,16,3.69
FAT,17,4.47
FAT,18,3.83
FAT,19,3.35
FAT,20,2.41
FAT,21,2.6
FAT,22,4.25
FAT,23,2.5
FAY,5,0.0
FAY,6,0.09
FAY,7,0.0
FAY,8,0.1
FAY,10,0.14
FAY,11,0.3
FAY,18,0.52
FAY,19,0.32
FAY,20,0.06
FAY,22,0.15
FAY,23,0.04
FCA,0,0.14
FCA,5,0.96
FCA,6,1.19
FCA,7,0.13
FCA,8,0.23
FCA,9,0.08
FCA,10,1.04
FCA,11,2.36
FCA,12,3.13
FCA,13,3.04
FCA,14,2.43
FCA,15,1.2
FCA,16,1.45
FCA,17,1.69
FCA,18,0.81
FCA,19,0.26
FCA,20,0.16
FCA,21,0.98
FCA,22,0.42
FCA,23,0.86
FLG,6,0.4
FLG,7,0.61
FLG,8,0.21
FLG,9,0.46
FLG,10,0.53
FLG,11,1.6
FLG,12,1.35
FLG,13,0.86
FLG,14,0.0
FLG,15,0.18
FLG,16,0.54
FLG,17,0.69
FLG,18,0.42
FLG,19,0.49
FLG,20,0.07
FLG,21,0.08
FLG,22,0.21
FLG,23,0.27
FLL,0,4.16
FLL,1,0.1
FLL,4,0.06
FLL,5,6.01
FLL,6,19.82
FLL,7,28.78
FLL,8,24.65
FLL,9,35.17
FLL,10,26.05
FLL,11,32.58
FLL,12,26.92
FLL,13,23.75
FLL,14,27.04
FLL,15,26.71
FLL,16,28.25
FLL,17,28.72
FLL,18,30.88
FLL,19,29.4
FLL,20,39.18
FLL,21,22.48
FLL,22,17.85
FLL,23,16.7
FMN,5,0.99
FMN,8,0.0
FMN,9,0.0
FMN,15,0.01
FMN,21,0.99
FNT,0,0.13
FNT,5,0.61
FNT,6,0.91
FNT,7,1.35
FNT,8,0.64
FNT,9,0.53
FNT,10,1.18
FNT,11,0.53
FNT,12,0.85
FNT,13,1.47
FNT,14,1.69
FNT,15,1.18
FNT,16,1.59
FNT,17,0.98
FNT,18,0.73
FNT,19,1.39
FNT,20,0.81
FNT,21,0.5
FNT,22,1.34
FNT,23,1.06
FOD,9,0.58
FOD,10,0.77
FOD,11,0.19
FOD,13,0.23
FOD,14,1.35
FOD,15,0.0
FOD,17,0.19
FOD,18,0.19
FSD,0,0.22
FSD,5,2.22
FSD,6,2.17
FSD,7,1.32
FSD,8,1.79
FSD,9,1.35
FSD,10,2.68
FSD,11,2.03
FSD,12,4.16
FSD,13,3.7
FSD,14,2.53
FSD,15,1.34
FSD,16,3.44
FSD,17,2.99
FSD,18,1.69
FSD,19,2.06
FSD,20,1.93
FSD,21,1.65
FSD,22,1.24
FSD,23,3.52
FSM,6,0.99
FSM,9,0.78
FSM,10,1.1
FSM,11,0.12
FSM,14,0.09
FSM,15,0.12
FSM,16,0.22
FSM,17,0.9
FSM,18,0.9
FSM,19,0.17
FSM,20,0.18
FSM,22,0.43
FSM,23,0.54
FWA,0,0.33
FWA,5,0.82
FWA,6,1.32
FWA,7,2.33
FWA,8,1.47
FWA,9,1.04
FWA,10,1.73
FWA,11,2.14
FWA,12,2.24
FWA,13,2.9
FWA,14,1.4
FWA,15,0.41
FWA,16,2.44
FWA,17,3.22
FWA,18,2.75
FWA,19,1.61
FWA,20,1.54
FWA,21,0.59
FWA,22,2.29
FWA,23,1.82
GCC,5,0.43
GCC,7,0.42
GCC,8,0.0
GCC,9,0.18
GCC,10,0.18
GCC,12,0.42
GCC,13,0.87
GCC,14,0.45
GCC,15,0.0
GCC,17,0.18
GCC,18,0.0
GCC,20,0.33
GCC,21,0.18
GCC,22,0.33
GCK,5,0.9
GCK,6,0.1
GCK,13,0.24
GCK,14,0.55
GCK,15,1.19
GCK,20,0.01
GCK,21,0.01
GCK,22,0.36
GCK,23,0.62
GEG,0,1.7
GEG,1,0.3
GEG,5,6.35
GEG,6,6.96
GEG,7,4.25
GEG,8,2.12
GEG,9,4.87
GEG,10,3.63
GEG,11,7.96
GEG,12,9.93
GEG,13,8.28
GEG,14,6.04
GEG,15,6.26
GEG,16,5.5
GEG,17,3.35
GEG,18,3.56
GEG,19,3.88
GEG,20,1.87
GEG,21,4.5
GEG,22,4.06
GEG,23,5.85
GFK,5,0.84
GFK,6,0.03
GFK,10,0.64
GFK,11,0.83
GFK,12,0.82
GFK,13,0.05
GFK,14,0.41
GFK,15,0.93
GFK,16,0.67
GFK,17,0.03
GFK,18,0.22
GFK,19,0.25
GFK,20,0.05
GFK,21,0.05
GFK,22,0.23
GFK,23,0.64
GGG,5,0.0
GGG,6,0.97
GGG,13,1.33
GGG,14,0.66
GGG,18,0.01
GGG,19,0.15
GGG,20,0.09
GGG,22,0.16
GGG,23,0.56
GJT,0,0.19
GJT,1,0.01
GJT,5,1.62
GJT,6,0.93
GJT,7,2.13
GJT,8,0.47
GJT,9,0.4
GJT,10,1.96
GJT,11,2.54
GJT,12,2.54
GJT,13,1.2
GJT,14,0.98
GJT,15,1.14
GJT,16,2.17
GJT,17,0.67
GJT,18,3.07
GJT,19,0.08
GJT,20,1.17
GJT,21,1.06
GJT,22,2.08
GJT,23,0.12
GNV,0,0.04
GNV,6,2.24
GNV,7,0.82
GNV,9,0.85
GNV,10,0.86
GNV,11,0.01
GNV,12,0.79
GNV,13,0.99
GNV,14,0.42
GNV,15,1.3
GNV,16,1.55
GNV,17,0.57
GNV,18,0.87
GNV,19,0.74
GNV,20,0.03
GNV,21,0.02
GNV,22,1.52
GNV,23,1.4
GPT,0,0.08
GPT,5,0.99
GPT,6,1.43
GPT,7,0.29
GPT,8,0.22
GPT,9,0.92
GPT,10,1.42
GPT,11,0.57
GPT,12,0.57
GPT,13,1.22
GPT,14,0.93
GPT,15,0.38
GPT,16,0.67
GPT,17,1.91
GPT,18,1.23
GPT,19,1.0
GPT,20,0.04
GPT,21,0.56
GPT,22,1.18
GPT,23,0.88
GRB,0,0.17
GRB,5,1.4
GRB,6,2.31
GRB,7,0.91
GRB,8,0.42
GRB,9,1.56
GRB,10,2.33
GRB,11,2.15
GRB,12,1.32
GRB,13,0.5
GRB,14,0.82
GRB,15,1.91
GRB,16,2.92
GRB,17,1.61
GRB,18,0.93
GRB,19,0.89
GRB,20,1.07
GRB,21,1.21
GRB,22,1.11
GRB,23,0.9
GRI,0,0.0
GRI,5,0.83
GRI,6,0.17
GRI,8,0.01
GRI,9,0.02
GRI,10,0.12
GRI,11,0.15
GRI,12,0.08
GRI,13,0.06
GRI,14,0.21
GRI,15,0.25
GRI,16,0.06
GRI,17,1.02
GRI,18,0.62
GRI,19,0.12
GRI,20,0.09
GRI,21,0.1
GRI,22,0.27
GRI,23,1.04
GRK,5,0.72
GRK,6,0.38
GRK,7,0.49
GRK,8,0.02
GRK,9,0.7
GRK,10,1.28
GRK,11,1.03
GRK,12,0.86
GRK,13,0.04
GRK,14,0.31
GRK,15,0.77
GRK,16,0.59
GRK,17,0.23
GRK,18,0.93
GRK,19,0.57
GRK,20,0.08
GRK,21,0.32
GRK,22,0.71
GRK,23,0.44
GRR,0,1.81
GRR,1,0.01
GRR,5,1.57
GRR,6,7.6
GRR,7,5.56
GRR,8,3.8
GRR,9,3.57
GRR,10,3.51
GRR,11,5.73
GRR,12,9.07
GRR,13,7.08
GRR,14,7.41
GRR,15,7.15
GRR,16,6.95
GRR,17,6.22
GRR,18,5.73
GRR,19,3.98
GRR,20,3.56
GRR,21,3.53
GRR,22,4.82
GRR,23,6.97
GSO,0,0.21
GSO,2,0.01
GSO,5,1.42
GSO,6,5.09
GSO,7,3.12
GSO,8,1.97
GSO,9,1.94
GSO,10,3.65
GSO,11,3.06
GSO,12,1.97
GSO,13,2.06
GSO,14,2.65
GSO,15,2.0
GSO,16,3.36
GSO,17,4.84
GSO,18,4.76
GSO,19,3.98
GSO,20,1.91
GSO,21,2.53
GSO,22,3.79
GSO,23,3.12
GSP,0,0.28
GSP,2,0.01
GSP,5,1.76
GSP,6,5.98
GSP,7,5.08
GSP,8,2.72
GSP,9,2.22
GSP,10,5.73
GSP,11,5.27
GSP,12,4.83
GSP,13,2.79
GSP,14,2.03
GSP,15,3.18
GSP,16,4.56
GSP,17,5.52
GSP,18,5.21
GSP,19,5.79
GSP,20,4.05
GSP,21,3.21
GSP,22,3.46
GSP,23,4.14
GST,16,0.24
GST,17,0.24
GTF,5,1.0
GTF,6,0.92
GTF,7,0.19
GTF,9,0.16
GTF,10,0.23
GTF,11,0.35
GTF,12,0.97
GTF,13,1.91
GTF,14,1.0
GTF,15,0.13
GTF,16,0.33
GTF,17,1.19
GTF,18,0.95
GTF,19,0.01
GTF,20,0.26
GTF,21,1.04
GTF,22,1.15
GTF,23,0.1
GTR,10,0.01
GTR,14,0.09
GTR,15,1.72
GTR,16,0.18
GTR,17,0.01
GTR,19,0.0
GTR,20,0.0
GUC,7,1.0
GUC,8,0.03
GUC,9,0.03
GUC,11,0.2
GUC,12,1.64
GUC,13,1.12
GUC,14,1.14
GUC,15,0.73
GUC,17,0.06
GUC,20,0.99
GUF,8,0.01
GUF,9,0.19
GUF,10,0.28
GUF,11,0.23
GUF,12,0.36
GUF,13,0.44
GUF,14,0.38
GUF,15,0.23
GUF,16,0.47
GUF,17,0.41
GUF,18,0.22
GUF,19,0.4
GUF,20,0.24
GUF,21,0.05
GUM,6,0.17
GUM,7,1.0
GUM,8,0.99
GUM,10,0.82
GUM,13,0.0
GUM,15,0.0
GUM,18,0.78
GUM,19,0.22
GUM,20,0.0
GUM,22,0.0
HDN,7,1.19
HDN,8,0.24
HDN,9,0.1
HDN,10,0.5
HDN,11,1.54
HDN,12,2.85
HDN,13,2.06
HDN,14,1.21
HDN,15,1.34
HDN,16,0.45
HDN,17,0.16
HDN,18,0.02
HDN,19,0.39
HDN,20,1.07
HEZ,13,0.17
HGR,8,0.18
HGR,9,0.29
HGR,10,0.09
HGR,11,0.05
HGR,12,0.01
HGR,13,0.01
HGR,14,0.1
HGR,15,0.2
HGR,16,0.1
HGR,17,0.02
HGR,18,0.12
HGR,19,0.17
HGR,20,0.18
HGR,21,0.05
HHH,8,0.01
HHH,9,0.0
HHH,10,0.96
HHH,11,2.28
HHH,12,2.04
HHH,13,0.79
HHH,14,2.08
HHH,15,1.96
HHH,16,1.41
HHH,17,0.77
HHH,18,0.63
HHH,19,0.07
HIB,10,1.67
HIB,11,0.32
HIB,13,0.08
HIB,14,0.72
HIB,15,0.64
HIB,17,0.01
HIB,18,0.01
HLN,5,0.98
HLN,6,1.0
HLN,7,0.02
HLN,12,1.05
HLN,13,1.84
HLN,14,1.08
HLN,16,0.24
HLN,17,0.24
HLN,18,0.03
HLN,19,0.03
HLN,21,0.97
HLN,22,1.02
HNL,0,0.25
HNL,3,0.0
HNL,5,3.38
HNL,6,12.96
HNL,7,12.99
HNL,8,18.08
HNL,9,14.6
HNL,10,16.35
HNL,11,24.41
HNL,12,28.63
HNL,13,28.43
HNL,14,19.35
HNL,15,21.28
HNL,16,20.85
HNL,17,15.92
HNL,18,12.68
HNL,19,17.79
HNL,20,15.53
HNL,21,21.34
HNL,22,7.63
HNL,23,5.89
HOB,7,1.0
HOB,8,0.81
HOB,15,0.0
HOB,19,1.0
HOB,20,0.72
HOB,21,0.08
HOU,0,2.8
HOU,1,0.63
HOU,3,0.0
HOU,4,0.23
HOU,5,6.1
HOU,6,9.83
HOU,7,18.28
HOU,8,19.89
HOU,9,18.42
HOU,10,19.1
HOU,11,14.99
HOU,12,15.73
HOU,13,17.47
HOU,14,19.49
HOU,15,14.33
HOU,16,12.77
HOU,17,16.32
HOU,18,17.64
HOU,19,20.33
HOU,20,21.05
HOU,21,14.82
HOU,22,10.78
HOU,23,4.26
HPN,6,3.93
HPN,7,3.94
HPN,8,2.97
HPN,9,2.76
HPN,10,3.76
HPN,11,3.03
HPN,12,3.06
HPN,13,3.82
HPN,14,2.88
HPN,15,3.83
HPN,16,2.9
HPN,17,3.42
HPN,18,2.86
HPN,19,1.91
HPN,20,2.78
HPN,21,2.89
HPN,22,4.2
HPN,23,2.41
HRL,0,0.27
HRL,5,0.85
HRL,6,1.52
HRL,7,0.63
HRL,8,0.16
HRL,9,0.97
HRL,10,2.61
HRL,11,1.29
HRL,12,0.95
HRL,13,0.42
HRL,14,1.9
HRL,15,1.25
HRL,16,1.12
HRL,17,1.61
HRL,18,1.85
HRL,19,0.86
HRL,20,0.93
HRL,21,0.59
HRL,22,1.0
HRL,23,0.74
HSV,0,0.28
HSV,1,0.01
HSV,5,2.14
HSV,6,2.51
HSV,7,2.41
HSV,8,2.27
HSV,9,3.73
HSV,10,3.28
HSV,11,1.39
HSV,12,3.4
HSV,13,2.63
HSV,14,2.5
HSV,15,2.27
HSV,16,1.65
HSV,17,2.68
HSV,18,2.79
HSV,19,2.0
HSV,20,0.9
HSV,21,2.71
HSV,22,1.52
HSV,23,1.76
HTS,7,0.01
HTS,8,0.14
HTS,9,0.15
HTS,10,0.16
HTS,11,0.08
HTS,12,0.1
HTS,13,0.12
HTS,14,0.19
HTS,15,0.28
HTS,16,0.21
HTS,17,0.09
HTS,18,0.09
HTS,19,0.12
HTS,20,0.5
HTS,21,0.36
HTS,22,0.02
HYA,8,0.0
HYA,9,0.13
HYA,10,0.13
HYA,11,0.1
HYA,12,0.44
HYA,13,0.34
HYA,14,0.27
HYA,15,0.15
HYA,16,0.19
HYA,17,0.22
HYA,18,0.12
HYS,6,0.99
HYS,9,0.01
HYS,15,0.0
HYS,16,0.01
HYS,18,0.79
HYS,19,0.72
HYS,22,0.15
HYS,23,0.78
IAD,0,4.36
IAD,1,0.33
IAD,2,0.01
IAD,4,0.04
IAD,5,4.7
IAD,6,11.98
IAD,7,22.02
IAD,8,30.25
IAD,9,9.3
IAD,10,4.21
IAD,11,27.75
IAD,12,24.27
IAD,13,9.45
IAD,14,7.92
IAD,15,11.66
IAD,16,32.14
IAD,17,37.71
IAD,18,10.93
IAD,19,7.82
IAD,20,11.87
IAD,21,20.86
IAD,22,20.83
IAD,23,6.84
IAG,8,0.03
IAG,9,0.15
IAG,10,0.29
IAG,11,0.28
IAG,12,0.12
IAG,13,0.11
IAG,14,0.13
IAG,15,0.1
IAG,16,0.12
IAG,17,0.21
IAG,18,0.32
IAG,19,0.23
IAG,20,0.12
IAG,21,0.03
IAH,0,5.06
IAH,1,0.14
IAH,2,0.01
IAH,3,0.01
IAH,4,0.28
IAH,5,11.76
IAH,6,23.09
IAH,7,33.83
IAH,8,52.25
IAH,9,27.17
IAH,10,43.54
IAH,11,35.16
IAH,12,41.36
IAH,13,35.08
IAH,14,32.07
IAH,15,34.64
IAH,16,39.14
IAH,17,40.45
IAH,18,62.08
IAH,19,35.65
IAH,20,52.92
IAH,21,17.3
IAH,22,14.91
IAH,23,14.25
ICT,0,0.27
ICT,1,0.01
ICT,2,0.01
ICT,5,2.36
ICT,6,3.92
ICT,7,2.7
ICT,8,1.23
ICT,9,2.7
ICT,10,2.7
ICT,11,4.82
ICT,12,6.19
ICT,13,3.28
ICT,14,3.99
ICT,15,4.26
ICT,16,3.78
ICT,17,3.78
ICT,18,4.07
ICT,19,2.41
ICT,20,1.72
ICT,21,1.59
ICT,22,3.25
ICT,23,4.04
IDA,0,0.05
IDA,2,0.01
IDA,5,0.72
IDA,6,1.71
IDA,7,1.4
IDA,8,0.17
IDA,9,1.22
IDA,10,1.34
IDA,11,0.51
IDA,12,1.85
IDA,13,3.59
IDA,14,1.95
IDA,15,1.91
IDA,16,1.41
IDA,17,1.55
IDA,18,1.77
IDA,19,0.34
IDA,20,0.43
IDA,21,1.19
IDA,22,2.37
IDA,23,0.39
ILM,0,0.42
ILM,2,0.0
ILM,5,0.87
ILM,6,4.01
ILM,7,1.44
ILM,8,0.78
ILM,9,2.0
ILM,10,2.64
ILM,11,2.29
ILM,12,2.43
ILM,13,2.53
ILM,14,2.52
ILM,15,2.38
ILM,16,2.63
ILM,17,2.68
ILM,18,2.41
ILM,19,2.61
ILM,20,1.1
ILM,21,1.15
ILM,22,1.64
ILM,23,2.69
IMT,10,1.07
IMT,11,0.93
IMT,14,0.01
IMT,15,0.01
IMT,16,0.98
IMT,17,1.0
IND,0,5.56
IND,1,0.44
IND,2,0.01
IND,4,0.05
IND,5,7.12
IND,6,16.58
IND,7,14.02
IND,8,9.56
IND,9,10.96
IND,10,15.0
IND,11,15.85
IND,12,15.72
IND,13,13.02
IND,14,14.71
IND,15,16.88
IND,16,15.44
IND,17,19.0
IND,18,17.67
IND,19,15.62
IND,20,11.82
IND,21,8.57
IND,22,11.32
IND,23,11.14
INL,10,1.51
INL,11,0.48
INL,14,0.8
INL,15,0.79
INL,17,0.02
INL,18,0.04
ISP,0,0.15
ISP,1,0.01
ISP,3,0.0
ISP,5,0.73
ISP,6,1.81
ISP,7,0.58
ISP,8,0.75
ISP,9,1.03
ISP,10,1.9
ISP,11,2.45
ISP,12,2.37
ISP,13,1.71
ISP,14,1.9
ISP,15,2.55
ISP,16,2.35
ISP,17,1.76
ISP,18,0.72
ISP,19,0.72
ISP,20,0.72
ISP,21,0.67
ISP,22,1.1
ISP,23,1.22
ITO,5,0.0
ITO,6,1.98
ITO,7,3.82
ITO,8,2.76
ITO,9,2.64
ITO,10,1.42
ITO,11,1.96
ITO,12,1.39
ITO,13,1.68
ITO,14,2.47
ITO,15,2.52
ITO,16,1.99
ITO,17,2.33
ITO,18,3.43
ITO,19,1.98
ITO,20,1.27
ITO,21,2.02
ITO,22,0.55
JAC,7,3.23
JAC,8,1.01
JAC,9,1.19
JAC,10,2.02
JAC,11,3.15
JAC,12,5.99
JAC,13,4.95
JAC,14,2.89
JAC,15,3.14
JAC,16,2.36
JAC,17,1.59
JAC,18,1.13
JAC,19,1.01
JAC,20,1.78
JAC,21,0.94
JAN,0,0.13
JAN,5,2.68
JAN,6,1.12
JAN,7,1.56
JAN,8,1.32
JAN,9,1.64
JAN,10,1.62
JAN,11,1.88
JAN,12,3.08
JAN,13,1.34
JAN,14,1.3
JAN,15,1.54
JAN,16,1.44
JAN,17,1.75
JAN,18,2.41
JAN,19,2.32
JAN,20,1.42
JAN,21,1.03
JAN,22,1.38
JAN,23,1.28
JAX,0,1.33
JAX,1,0.02
JAX,3,0.01
JAX,4,0.0
JAX,5,2.21
JAX,6,8.01
JAX,7,8.45
JAX,8,6.49
JAX,9,8.32
JAX,10,10.28
JAX,11,12.01
JAX,12,6.82
JAX,13,8.12
JAX,14,9.14
JAX,15,8.8
JAX,16,9.83
JAX,17,11.61
JAX,18,11.0
JAX,19,10.33
JAX,20,7.08
JAX,21,6.36
JAX,22,6.76
JAX,23,6.43
JFK,0,5.1
JFK,1,1.12
JFK,2,0.15
JFK,3,0.01
JFK,4,0.27
JFK,5,9.07
JFK,6,30.05
JFK,7,47.82
JFK,8,36.71
JFK,9,26.76
JFK,10,20.96
JFK,11,32.94
JFK,12,24.23
JFK,13,27.18
JFK,14,33.27
JFK,15,36.8
JFK,16,33.8
JFK,17,34.46
JFK,18,30.41
JFK,19,31.13
JFK,20,30.88
JFK,21,31.77
JFK,22,24.63
JFK,23,12.97
JLN,7,0.2
JLN,8,0.75
JLN,9,0.06
JLN,13,0.54
JLN,14,0.04
JLN,15,0.0
JLN,16,0.14
JLN,17,0.51
JLN,18,0.65
JLN,23,0.9
JMS,10,0.63
JMS,11,0.82
JMS,16,0.15
JMS,17,0.84
JMS,18,0.99
JNU,0,0.17
JNU,1,0.13
JNU,2,0.08
JNU,5,0.39
JNU,6,1.11
JNU,7,3.24
JNU,8,1.75
JNU,9,2.22
JNU,11,0.32
JNU,12,2.67
JNU,13,2.9
JNU,14,0.7
JNU,15,0.4
JNU,16,0.46
JNU,17,0.88
JNU,18,2.12
JNU,19,0.56
JNU,20,1.55
JNU,21,2.45
JNU,22,1.67
JNU,23,0.06
JST,0,0.48
JST,6,0.9
JST,9,0.0
JST,11,0.01
JST,13,0.9
JST,14,0.98
JST,23,0.51
KOA,0,0.02
KOA,6,2.58
KOA,7,2.53
KOA,8,5.24
KOA,9,3.45
KOA,10,6.5
KOA,11,6.59
KOA,12,6.65
KOA,13,8.68
KOA,14,8.27
KOA,15,6.86
KOA,16,4.28
KOA,17,4.74
KOA,18,4.05
KOA,19,4.86
KOA,20,3.64
KOA,21,5.85
KOA,22,2.69
KOA,23,0.47
KTN,8,2.8
KTN,9,1.16
KTN,10,0.05
KTN,11,0.76
KTN,12,1.39
KTN,13,0.53
KTN,14,0.07
KTN,15,0.19
KTN,16,1.82
KTN,17,2.35
KTN,19,0.99
KTN,20,0.99
LAF,6,0.94
LAF,9,0.01
LAF,10,0.04
LAF,11,0.0
LAF,14,1.2
LAF,16,0.0
LAF,18,0.07
LAF,23,0.85
LAN,0,0.26
LAN,5,1.09
LAN,6,0.64
LAN,7,0.1
LAN,8,0.02
LAN,10,0.42
LAN,11,1.07
LAN,12,0.97
LAN,13,0.3
LAN,14,0.16
LAN,15,0.52
LAN,16,0.79
LAN,17,1.7
LAN,18,0.78
LAN,19,0.04
LAN,20,0.08
LAN,21,0.02
LAN,22,0.27
LAN,23,1.22
LAR,5,0.41
LAR,8,0.06
LAR,9,0.38
LAR,10,0.44
LAR,17,0.95
LAR,18,0.88
LAR,21,0.27
LAR,22,0.07
LAS,0,10.16
LAS,1,1.49
LAS,2,0.01
LAS,3,0.01
LAS,5,11.86
LAS,6,45.48
LAS,7,58.55
LAS,8,61.88
LAS,9,63.23
LAS,10,56.49
LAS,11,56.78
LAS,12,59.36
LAS,13,52.01
LAS,14,55.22
LAS,15,49.75
LAS,16,50.89
LAS,17,51.59
LAS,18,51.04
LAS,19,44.8
LAS,20,41.67
LAS,21,42.51
LAS,22,42.39
LAS,23,40.42
LAW,5,0.47
LAW,6,0.53
LAW,9,0.86
LAW,10,1.06
LAW,16,0.12
LAW,17,0.3
LAW,18,1.31
LAW,19,0.24
LAW,20,0.0
LAW,21,0.0
LAW,22,0.59
LAW,23,0.38
LAX,0,15.32
LAX,1,1.86
LAX,2,0.01
LAX,3,0.01
LAX,4,0.1
LAX,5,14.2
LAX,6,31.2
LAX,7,58.05
LAX,8,82.64
LAX,9,88.87
LAX,10,64.55
LAX,11,54.61
LAX,12,54.21
LAX,13,57.1
LAX,14,48.41
LAX,15,49.45
LAX,16,46.68
LAX,17,56.21
LAX,18,56.65
LAX,19,52.76
LAX,20,55.14
LAX,21,61.87
LAX,22,49.39
LAX,23,42.44
LBB,0,0.02
LBB,1,0.01
LBB,3,0.0
LBB,4,0.0
LBB,5,1.48
LBB,6,2.35
LBB,7,1.52
LBB,8,2.14
LBB,9,1.87
LBB,10,1.93
LBB,11,1.88
LBB,12,2.57
LBB,13,1.49
LBB,14,2.23
LBB,15,1.34
LBB,16,2.77
LBB,17,2.07
LBB,18,2.7
LBB,19,1.15
LBB,20,0.99
LBB,21,1.91
LBB,22,1.95
LBB,23,1.56
LBE,10,0.0
LBE,11,0.11
LBE,12,0.16
LBE,13,0.02
LBE,14,0.02
LBE,15,0.05
LBE,16,0.48
LBE,17,0.57
LBE,18,0.18
LBE,19,0.07
LBF,6,0.56
LBF,9,0.1
LBF,10,0.38
LBF,11,0.38
LBF,18,0.75
LBF,19,0.72
LBF,22,0.54
LBL,10,0.72
LBL,11,0.72
LBL,13,0.02
LBL,14,0.14
LBL,15,0.16
LBL,18,0.84
LBL,19,0.84
LCH,5,0.15
LCH,6,0.85
LCH,9,0.2
LCH,10,0.2
LCH,11,0.81
LCH,12,0.57
LCH,14,0.2
LCH,17,0.74
LCH,18,1.27
LCH,22,0.93
LCH,23,0.05
LCK,8,0.32
LCK,9,0.64
LCK,10,0.61
LCK,11,0.38
LCK,12,0.33
LCK,13,0.25
LCK,14,0.55
LCK,15,0.49
LCK,16,0.39
LCK,17,0.57
LCK,18,0.37
LCK,19,0.4
LCK,20,0.52
LCK,21,0.33
LCK,22,0.06
LCK,23,0.0
LEX,0,0.68
LEX,2,0.01
LEX,5,0.98
LEX,6,3.25
LEX,7,3.5
LEX,8,1.27
LEX,9,2.88
LEX,10,3.13
LEX,11,2.19
LEX,12,1.89
LEX,13,2.78
LEX,14,2.45
LEX,15,2.4
LEX,16,2.56
LEX,17,5.03
LEX,18,3.14
LEX,19,2.28
LEX,20,1.79
LEX,21,2.11
LEX,22,3.09
LEX,23,3.22
LFT,5,0.91
LFT,6,0.41
LFT,7,0.98
LFT,8,0.1
LFT,9,0.93
LFT,10,1.53
LFT,11,0.47
LFT,12,0.32
LFT,13,0.82
LFT,14,0.72
LFT,15,0.62
LFT,16,0.78
LFT,17,1.66
LFT,18,0.82
LFT,19,0.58
LFT,20,0.08
LFT,21,0.58
LFT,22,0.98
LFT,23,0.53
LGA,0,0.06
LGA,2,0.0
LGA,3,0.0
LGA,5,1.08
LGA,6,26.45
LGA,7,43.42
LGA,8,38.12
LGA,9,49.43
LGA,10,44.38
LGA,11,44.71
LGA,12,41.98
LGA,13,47.07
LGA,14,50.59
LGA,15,53.15
LGA,16,43.52
LGA,17,47.29
LGA,18,46.67
LGA,19,48.07
LGA,20,44.91
LGA,21,34.36
LGA,22,16.79
LGA,23,22.32
LGB,6,2.02
LGB,7,6.57
LGB,8,7.42
LGB,9,6.63
LGB,10,5.28
LGB,11,4.3
LGB,12,6.04
LGB,13,5.33
LGB,14,4.85
LGB,15,4.61
LGB,16,5.56
LGB,17,4.07
LGB,18,4.63
LGB,19,6.09
LGB,20,5.87
LGB,21,3.55
LIH,0,0.01
LIH,6,3.65
LIH,7,2.46
LIH,8,3.71
LIH,9,4.54
LIH,10,5.4
LIH,11,7.44
LIH,12,6.64
LIH,13,8.58
LIH,14,7.56
LIH,15,5.97
LIH,16,5.04
LIH,17,3.96
LIH,18,3.86
LIH,19,4.63
LIH,20,3.75
LIH,21,5.43
LIH,22,3.3
LIH,23,0.71
LIT,0,0.15
LIT,2,0.01
LIT,4,0.01
LIT,5,2.28
LIT,6,3.6
LIT,7,3.97
LIT,8,4.3
LIT,9,4.02
LIT,10,2.98
LIT,11,4.71
LIT,12,4.37
LIT,13,4.26
LIT,14,2.38
LIT,15,4.53
LIT,16,5.56
LIT,17,6.51
LIT,18,5.17
LIT,19,4.25
LIT,20,3.49
LIT,21,2.71
LIT,22,1.61
LIT,23,2.7
LNK,0,0.1
LNK,5,0.31
LNK,6,1.93
LNK,7,0.95
LNK,8,0.13
LNK,9,0.92
LNK,10,0.99
LNK,11,1.75
LNK,12,1.13
LNK,13,1.06
LNK,14,1.3
LNK,15,1.0
LNK,16,1.09
LNK,17,1.25
LNK,18,0.79
LNK,19,0.73
LNK,20,0.4
LNK,21,0.99
LNK,22,0.81
LNK,23,0.4
LNS,9,0.16
LNS,10,0.01
LNS,14,0.22
LNS,19,0.08
LNS,20,0.08
LNS,21,0.0
LRD,0,0.12
LRD,5,0.42
LRD,6,0.58
LRD,9,0.55
LRD,10,1.46
LRD,11,0.04
LRD,12,0.02
LRD,13,0.71
LRD,14,0.91
LRD,15,0.35
LRD,16,0.05
LRD,17,0.37
LRD,18,1.53
LRD,19,0.44
LRD,20,0.34
LRD,21,0.18
LRD,22,0.41
LRD,23,0.57
LSE,0,0.13
LSE,1,0.0
LSE,5,0.28
LSE,6,0.71
LSE,9,0.57
LSE,10,0.56
LSE,11,0.78
LSE,12,0.15
LSE,13,0.01
LSE,14,0.02
LSE,15,0.02
LSE,16,0.28
LSE,17,0.82
LSE,18,0.79
LSE,19,0.11
LSE,20,0.1
LSE,21,0.0
LSE,22,0.18
LSE,23,0.63
LWB,8,0.47
LWB,9,0.0
LWB,14,0.12
LWB,15,0.4
LWB,16,0.34
LWB,17,0.19
LWB,18,0.2
LWS,0,0.07
LWS,6,0.16
LWS,7,0.6
LWS,8,0.08
LWS,9,0.15
LWS,11,0.73
LWS,12,0.73
LWS,13,0.24
LWS,14,0.24
LWS,16,0.03
LWS,17,0.03
LWS,20,0.18
LWS,21,0.38
LWS,22,0.21
LWS,23,0.16
LYH,9,0.36
LYH,10,0.36
LYH,18,0.01
LYH,19,0.34
LYH,20,0.36
MAF,0,0.44
MAF,1,0.01
MAF,5,2.04
MAF,6,2.54
MAF,7,3.18
MAF,8,2.19
MAF,9,2.96
MAF,10,2.88
MAF,11,3.04
MAF,12,2.81
MAF,13,2.8
MAF,14,2.88
MAF,15,2.3
MAF,16,3.61
MAF,17,3.23
MAF,18,3.25
MAF,19,2.04
MAF,20,1.26
MAF,21,1.95
MAF,22,2.78
MAF,23,2.47
MBS,1,0.0
MBS,5,0.09
MBS,6,0.9
MBS,7,0.57
MBS,9,0.27
MBS,10,0.24
MBS,11,1.23
MBS,12,0.26
MBS,13,1.22
MBS,14,1.19
MBS,15,0.7
MBS,16,0.78
MBS,17,1.04
MBS,18,0.84
MBS,19,0.06
MBS,20,0.58
MBS,21,0.24
MBS,22,0.87
MBS,23,0.21
MCI,0,3.75
MCI,1,0.47
MCI,2,0.01
MCI,4,0.01
MCI,5,9.27
MCI,6,15.73
MCI,7,11.16
MCI,8,10.19
MCI,9,14.19
MCI,10,16.12
MCI,11,14.99
MCI,12,14.17
MCI,13,18.54
MCI,14,19.76
MCI,15,17.24
MCI,16,18.13
MCI,17,21.93
MCI,18,13.87
MCI,19,12.8
MCI,20,7.92
MCI,21,7.31
MCI,22,10.35
MCI,23,12.23
MCO,0,12.28
MCO,1,1.36
MCO,2,0.01
MCO,3,0.0
MCO,4,0.1
MCO,5,14.29
MCO,6,36.21
MCO,7,48.28
MCO,8,51.88
MCO,9,64.39
MCO,10,53.53
MCO,11,48.01
MCO,12,42.51
MCO,13,44.22
MCO,14,49.08
MCO,15,52.05
MCO,16,49.77
MCO,17,51.44
MCO,18,55.19
MCO,19,62.66
MCO,20,55.76
MCO,21,37.56
MCO,22,23.71
MCO,23,25.68
MCW,8,0.1
MCW,9,0.92
MCW,10,0.43
MCW,13,0.09
MCW,14,0.15
MCW,18,1.34
MCW,19,0.41
MDT,0,0.54
MDT,5,0.61
MDT,6,3.67
MDT,7,0.65
MDT,8,0.87
MDT,9,0.65
MDT,10,1.76
MDT,11,3.01
MDT,12,1.52
MDT,13,0.74
MDT,14,1.08
MDT,15,1.15
MDT,16,3.02
MDT,17,3.48
MDT,18,1.92
MDT,19,1.07
MDT,20,0.86
MDT,21,1.18
MDT,22,1.3
MDT,23,2.52
MDW,0,2.44
MDW,1,0.44
MDW,3,0.01
MDW,4,0.43
MDW,5,11.52
MDW,6,19.6
MDW,7,25.94
MDW,8,27.48
MDW,9,26.86
MDW,10,22.78
MDW,11,19.94
MDW,12,27.88
MDW,13,25.15
MDW,14,19.15
MDW,15,16.1
MDW,16,19.86
MDW,17,27.33
MDW,18,27.87
MDW,19,25.61
MDW,20,25.37
MDW,21,19.22
MDW,22,8.44
MDW,23,4.7
MEI,8,0.9
MEI,9,0.1
MEI,11,0.15
MEI,12,0.41
MEI,13,0.85
MEI,14,0.04
MEI,15,0.0
MEI,18,0.66
MEI,20,0.33
MEM,0,0.75
MEM,1,0.01
MEM,2,0.0
MEM,5,4.5
MEM,6,10.17
MEM,7,8.02
MEM,8,4.79
MEM,9,7.31
MEM,10,10.28
MEM,11,8.23
MEM,12,5.75
MEM,13,5.36
MEM,14,8.01
MEM,15,7.88
MEM,16,7.35
MEM,17,11.09
MEM,18,8.24
MEM,19,4.74
MEM,20,4.88
MEM,21,5.16
MEM,22,5.99
MEM,23,6.95
MFE,0,0.33
MFE,5,2.07
MFE,6,0.61
MFE,7,1.67
MFE,8,0.58
MFE,9,1.4
MFE,10,1.2
MFE,11,1.36
MFE,12,2.31
MFE,13,1.28
MFE,14,1.09
MFE,15,0.75
MFE,16,2.04
MFE,17,2.67
MFE,18,1.18
MFE,19,1.04
MFE,20,0.82
MFE,21,1.12
MFE,22,0.78
MFE,23,1.65
MFR,1,0.01
MFR,5,3.15
MFR,6,2.19
MFR,7,0.5
MFR,8,0.07
MFR,9,0.01
MFR,10,0.6
MFR,11,2.08
MFR,12,3.82
MFR,13,3.43
MFR,14,1.66
MFR,15,0.61
MFR,16,1.03
MFR,17,2.43
MFR,18,0.92
MFR,19,0.53
MFR,20,0.46
MFR,21,1.55
MFR,22,1.92
MFR,23,2.12
MGM,5,0.0
MGM,6,0.82
MGM,7,0.4
MGM,10,0.17
MGM,11,0.52
MGM,12,1.15
MGM,13,0.97
MGM,14,0.2
MGM,15,0.02
MGM,16,1.34
MGM,17,2.15
MGM,18,0.67
MGM,19,0.1
MGM,21,0.12
MGM,22,0.51
MGM,23,0.57
MGW,5,0.0
MGW,6,0.74
MGW,8,0.25
MGW,9,0.28
MGW,10,0.38
MGW,13,0.0
MGW,14,0.32
MGW,15,0.32
MGW,18,0.01
MGW,19,0.25
MGW,20,0.25
MGW,23,0.98
MHK,0,0.31
MHK,5,0.71
MHK,6,0.47
MHK,7,0.56
MHK,9,0.1
MHK,11,1.1
MHK,12,0.9
MHK,13,0.23
MHK,14,0.05
MHK,15,0.15
MHK,16,0.74
MHK,17,1.24
MHK,18,1.03
MHK,19,0.01
MHK,20,0.08
MHK,21,0.12
MHK,22,0.58
MHK,23,0.72
MHT,0,0.66
MHT,5,2.06
MHT,6,1.99
MHT,7,1.76
MHT,8,1.35
MHT,9,0.76
MHT,10,0.36
MHT,11,2.49
MHT,12,3.89
MHT,13,1.52
MHT,14,1.58
MHT,15,2.16
MHT,16,3.1
MHT,17,3.1
MHT,18,0.62
MHT,19,0.56
MHT,20,0.22
MHT,21,0.9
MHT,22,1.54
MHT,23,2.2
MIA,0,4.19
MIA,1,0.18
MIA,2,0.14
MIA,3,0.01
MIA,4,0.02
MIA,5,7.54
MIA,6,19.89
MIA,7,37.42
MIA,8,46.81
MIA,9,40.47
MIA,10,27.46
MIA,11,33.19
MIA,12,25.02
MIA,13,23.23
MIA,14,33.95
MIA,15,31.41
MIA,16,35.89
MIA,17,32.15
MIA,18,31.9
MIA,19,37.67
MIA,20,42.63
MIA,21,50.75
MIA,22,35.87
MIA,23,11.46
MKE,0,1.35
MKE,1,0.32
MKE,4,0.01
MKE,5,6.67
MKE,6,10.29
MKE,7,8.02
MKE,8,7.71
MKE,9,5.94
MKE,10,10.78
MKE,11,10.65
MKE,12,9.48
MKE,13,8.27
MKE,14,8.77
MKE,15,9.38
MKE,16,9.87
MKE,17,12.98
MKE,18,9.83
MKE,19,5.59
MKE,20,4.62
MKE,21,7.53
MKE,22,5.67
MKE,23,7.14
MLB,0,0.28
MLB,5,0.34
MLB,6,1.27
MLB,7,0.26
MLB,8,0.33
MLB,9,0.3
MLB,10,1.14
MLB,11,2.3
MLB,12,0.72
MLB,13,0.97
MLB,14,1.69
MLB,15,0.5
MLB,16,0.32
MLB,17,1.67
MLB,18,1.67
MLB,19,0.34
MLB,20,0.04
MLB,21,0.12
MLB,22,0.58
MLB,23,0.99
MLI,0,0.16
MLI,5,0.26
MLI,6,2.05
MLI,7,0.58
MLI,8,1.37
MLI,9,0.97
MLI,10,3.02
MLI,11,1.61
MLI,12,0.92
MLI,13,0.81
MLI,14,0.48
MLI,15,2.21
MLI,16,1.29
MLI,17,1.27
MLI,18,1.85
MLI,19,0.56
MLI,20,1.02
MLI,21,1.23
MLI,22,0.53
MLI,23,1.37
MLU,5,0.59
MLU,6,0.39
MLU,9,0.88
MLU,10,0.87
MLU,12,0.17
MLU,13,0.5
MLU,14,0.1
MLU,17,0.58
MLU,18,1.19
MLU,22,0.76
MLU,23,0.2
MOB,5,1.08
MOB,6,0.67
MOB,8,0.13
MOB,9,0.23
MOB,10,1.14
MOB,11,0.69
MOB,12,0.79
MOB,13,0.19
MOB,14,0.41
MOB,15,0.95
MOB,16,0.78
MOB,17,0.58
MOB,18,1.02
MOB,19,0.96
MOB,20,0.09
MOB,21,0.0
MOB,22,0.78
MOB,23,0.86
MOT,5,1.07
MOT,6,0.16
MOT,7,1.75
MOT,8,0.12
MOT,10,0.2
MOT,11,1.12
MOT,12,1.61
MOT,13,0.46
MOT,14,0.81
MOT,15,0.66
MOT,16,1.41
MOT,17,1.19
MOT,18,0.61
MOT,19,0.41
MOT,20,0.94
MOT,21,0.21
MOT,22,0.3
MOT,23,1.69
MQT,6,0.15
MQT,7,1.42
MQT,8,0.43
MQT,10,0.15
MQT,11,0.01
MQT,12,0.61
MQT,13,0.43
MQT,14,0.5
MQT,15,0.52
MQT,16,0.56
MQT,17,0.36
MQT,18,0.63
MQT,19,0.11
MQT,20,0.01
MQT,21,1.28
MQT,22,0.5
MQT,23,0.2
MRY,5,1.1
MRY,6,2.19
MRY,7,0.73
MRY,8,0.41
MRY,9,1.63
MRY,10,0.99
MRY,11,1.56
MRY,12,4.03
MRY,13,1.5
MRY,14,1.72
MRY,15,1.16
MRY,16,0.86
MRY,17,0.82
MRY,18,1.86
MRY,19,0.91
MRY,20,0.58
MRY,21,1.91
MRY,22,0.72
MRY,23,0.98
MSN,0,0.42
MSN,1,0.01
MSN,5,2.26
MSN,6,5.96
MSN,7,3.56
MSN,8,4.22
MSN,9,3.14
MSN,10,5.22
MSN,11,4.03
MSN,12,4.1
MSN,13,3.15
MSN,14,6.35
MSN,15,5.02
MSN,16,5.39
MSN,17,7.15
MSN,18,2.3
MSN,19,2.32
MSN,20,2.82
MSN,21,3.07
MSN,22,3.91
MSN,23,3.02
MSO,0,0.78
MSO,5,1.4
MSO,6,1.99
MSO,7,0.93
MSO,8,0.37
MSO,9,0.41
MSO,10,0.68
MSO,11,0.79
MSO,12,2.54
MSO,13,3.67
MSO,14,1.9
MSO,15,1.69
MSO,16,2.52
MSO,17,2.4
MSO,18,1.02
MSO,19,0.16
MSO,20,0.76
MSO,21,1.59
MSO,22,0.33
MSO,23,1.47
MSP,0,3.18
MSP,1,0.02
MSP,3,0.01
MSP,4,0.02
MSP,5,9.49
MSP,6,24.06
MSP,7,45.14
MSP,8,32.54
MSP,9,43.34
MSP,10,40.46
MSP,11,36.75
MSP,12,40.13
MSP,13,42.67
MSP,14,40.88
MSP,15,29.04
MSP,16,22.68
MSP,17,47.01
MSP,18,42.19
MSP,19,33.81
MSP,20,40.62
MSP,21,30.71
MSP,22,11.55
MSP,23,9.97
MSY,0,2.22
MSY,1,0.15
MSY,4,0.05
MSY,5,8.25
MSY,6,12.04
MSY,7,13.11
MSY,8,10.98
MSY,9,15.98
MSY,10,20.06
MSY,11,15.79
MSY,12,12.35
MSY,13,16.45
MSY,14,19.67
MSY,15,17.6
MSY,16,17.81
MSY,17,19.82
MSY,18,16.54
MSY,19,14.07
MSY,20,8.77
MSY,21,10.23
MSY,22,8.11
MSY,23,9.3
MTJ,7,1.2
MTJ,8,0.4
MTJ,9,0.21
MTJ,10,0.49
MTJ,11,1.09
MTJ,12,2.72
MTJ,13,2.33
MTJ,14,2.33
MTJ,15,1.12
MTJ,16,0.29
MTJ,17,0.05
MTJ,18,0.1
MTJ,19,0.51
MTJ,20,0.99
MVY,8,0.0
MVY,9,0.15
MVY,10,0.75
MVY,11,1.0
MVY,12,0.64
MVY,13,0.72
MVY,14,0.8
MVY,15,0.66
MVY,16,0.45
MVY,17,0.37
MVY,18,0.05
MVY,19,0.04
MVY,20,0.0
MYR,0,0.25
MYR,5,0.55
MYR,6,2.65
MYR,7,1.54
MYR,8,2.53
MYR,9,3.35
MYR,10,6.35
MYR,11,5.63
MYR,12,5.78
MYR,13,5.01
MYR,14,5.29
MYR,15,4.78
MYR,16,4.51
MYR,17,5.12
MYR,18,5.69
MYR,19,4.08
MYR,20,3.56
MYR,21,2.57
MYR,22,1.13
MYR,23,1.9
OAJ,0,0.01
OAJ,5,0.43
OAJ,6,0.28
OAJ,7,0.02
OAJ,8,0.0
OAJ,9,0.01
OAJ,11,0.76
OAJ,12,0.2
OAJ,13,0.18
OAJ,14,0.22
OAJ,15,0.26
OAJ,16,0.28
OAJ,17,0.07
OAJ,18,0.53
OAJ,19,0.19
OAJ,20,0.01
OAJ,21,0.1
OAJ,22,0.59
OAJ,23,0.04
OAK,0,1.39
OAK,1,0.01
OAK,4,0.01
OAK,5,4.99
OAK,6,7.18
OAK,7,8.95
OAK,8,8.69
OAK,9,10.08
OAK,10,10.46
OAK,11,11.35
OAK,12,13.32
OAK,13,10.02
OAK,14,9.57
OAK,15,7.72
OAK,16,10.01
OAK,17,10.19
OAK,18,10.86
OAK,19,11.53
OAK,20,10.83
OAK,21,6.69
OAK,22,4.68
OAK,23,3.47
OGG,6,4.66
OGG,7,3.25
OGG,8,4.93
OGG,9,7.42
OGG,10,10.89
OGG,11,12.31
OGG,12,14.32
OGG,13,15.68
OGG,14,14.21
OGG,15,9.27
OGG,16,6.77
OGG,17,6.41
OGG,18,4.21
OGG,19,5.16
OGG,20,6.05
OGG,21,7.55
OGG,22,5.6
OGG,23,2.12
OKC,0,1.35
OKC,1,0.24
OKC,2,0.01
OKC,4,0.0
OKC,5,4.04
OKC,6,7.5
OKC,7,7.53
OKC,8,5.15
OKC,9,4.68
OKC,10,6.31
OKC,11,7.28
OKC,12,6.78
OKC,13,10.26
OKC,14,7.1
OKC,15,5.87
OKC,16,8.34
OKC,17,10.08
OKC,18,8.02
OKC,19,7.09
OKC,20,6.4
OKC,21,3.91
OKC,22,5.9
OKC,23,7.21
OMA,0,1.74
OMA,1,0.37
OMA,2,0.01
OMA,5,3.93
OMA,6,9.99
OMA,7,4.89
OMA,8,4.7
OMA,9,6.02
OMA,10,8.85
OMA,11,7.67
OMA,12,8.44
OMA,13,8.67
OMA,14,8.91
OMA,15,9.11
OMA,16,8.09
OMA,17,11.79
OMA,18,7.46
OMA,19,6.17
OMA,20,4.86
OMA,21,3.73
OMA,22,5.28
OMA,23,7.72
OME,8,0.03
OME,9,0.04
OME,10,0.0
OME,17,1.95
OME,21,0.0
OME,22,0.01
OME,23,0.0
ONT,0,0.89
ONT,1,0.01
ONT,5,4.29
ONT,6,10.43
ONT,7,6.45
ONT,8,6.15
ONT,9,7.39
ONT,10,8.33
ONT,11,7.91
ONT,12,10.96
ONT,13,8.44
ONT,14,5.91
ONT,15,6.41
ONT,16,7.43
ONT,17,8.21
ONT,18,7.73
ONT,19,5.78
ONT,20,6.41
ONT,21,6.73
ONT,22,9.72
ONT,23,6.05
ORD,0,7.25
ORD,1,0.44
ORD,2,0.01
ORD,3,0.01
ORD,4,2.2
ORD,5,23.08
ORD,6,65.28
ORD,7,140.12
ORD,8,131.49
ORD,9,147.58
ORD,10,103.45
ORD,11,114.13
ORD,12,110.96
ORD,13,123.89
ORD,14,133.5
ORD,15,94.4
ORD,16,130.94
ORD,17,106.89
ORD,18,150.89
ORD,19,113.99
ORD,20,121.07
ORD,21,92.99
ORD,22,36.78
ORD,23,20.65
ORF,0,1.5
ORF,3,0.0
ORF,5,3.18
ORF,6,9.96
ORF,7,2.71
ORF,8,4.4
ORF,9,5.19
ORF,10,6.78
ORF,11,6.49
ORF,12,6.5
ORF,13,4.57
ORF,14,6.54
ORF,15,5.51
ORF,16,6.32
ORF,17,9.1
ORF,18,7.79
ORF,19,5.93
ORF,20,2.79
ORF,21,4.39
ORF,22,4.86
ORF,23,6.1
ORH,6,0.02
ORH,8,0.05
ORH,9,0.15
ORH,10,0.26
ORH,11,0.49
ORH,12,0.41
ORH,13,0.67
ORH,14,0.52
ORH,15,0.71
ORH,16,0.71
ORH,17,0.22
ORH,18,0.1
ORH,19,0.02
ORH,23,0.02
OTH,11,0.19
OTH,12,0.83
OTH,13,1.21
OTH,14,0.37
OTZ,10,0.98
OTZ,11,0.98
OTZ,17,0.01
OTZ,18,0.01
PAE,0,0.06
PAE,6,0.05
PAE,7,0.55
PAE,8,0.56
PAE,9,0.56
PAE,10,0.44
PAE,11,0.23
PAE,12,0.19
PAE,13,0.49
PAE,14,0.54
PAE,15,0.4
PAE,16,0.5
PAE,17,0.47
PAE,18,0.41
PAE,19,0.08
PAE,20,0.02
PAE,21,0.29
PAE,22,0.48
PAE,23,0.6
PAH,5,0.43
PAH,9,0.0
PAH,10,0.0
PAH,12,0.18
PAH,13,0.21
PAH,14,0.39
PAH,18,0.04
PAH,19,0.2
PAH,23,0.2
PBG,8,0.08
PBG,9,0.2
PBG,10,0.33
PBG,11,0.35
PBG,12,0.11
PBG,13,0.09
PBG,14,0.03
PBG,15,0.0
PBG,16,0.04
PBG,17,0.17
PBG,18,0.36
PBG,19,0.35
PBG,20,0.12
PBI,0,1.07
PBI,1,0.03
PBI,4,0.0
PBI,5,0.23
PBI,6,6.83
PBI,7,7.03
PBI,8,5.48
PBI,9,9.84
PBI,10,11.69
PBI,11,15.75
PBI,12,12.42
PBI,13,10.43
PBI,14,11.33
PBI,15,10.38
PBI,16,10.22
PBI,17,11.95
PBI,18,13.22
PBI,19,11.96
PBI,20,7.5
PBI,21,5.67
PBI,22,4.89
PBI,23,4.16
PDX,0,4.52
PDX,1,0.31
PDX,2,0.01
PDX,4,0.0
PDX,5,10.17
PDX,6,12.95
PDX,7,27.9
PDX,8,8.61
PDX,9,25.1
PDX,10,30.44
PDX,11,14.15
PDX,12,13.26
PDX,13,27.73
PDX,14,22.7
PDX,15,7.98
PDX,16,21.43
PDX,17,22.82
PDX,18,10.09
PDX,19,14.01
PDX,20,27.92
PDX,21,16.86
PDX,22,14.61
PDX,23,13.16
PGD,0,0.01
PGD,1,0.0
PGD,5,0.01
PGD,6,1.71
PGD,7,2.16
PGD,8,1.95
PGD,9,1.7
PGD,10,1.74
PGD,11,2.64
PGD,12,2.43
PGD,13,2.94
PGD,14,4.43
PGD,15,3.58
PGD,16,2.32
PGD,17,2.02
PGD,18,2.07
PGD,19,1.67
PGD,20,2.1
PGD,21,1.75
PGD,22,1.53
PGD,23,1.66
PHF,10,0.0
PHF,11,0.0
PHF,15,0.01
PHF,16,0.0
PHL,0,7.77
PHL,1,1.15
PHL,2,0.01
PHL,3,0.01
PHL,4,0.18
PHL,5,11.64
PHL,6,18.39
PHL,7,29.27
PHL,8,39.56
PHL,9,40.6
PHL,10,32.81
PHL,11,26.05
PHL,12,29.7
PHL,13,25.74
PHL,14,32.59
PHL,15,29.67
PHL,16,31.66
PHL,17,46.07
PHL,18,39.93
PHL,19,33.47
PHL,20,28.83
PHL,21,22.78
PHL,22,12.54
PHL,23,11.87
PHX,0,7.25
PHX,1,0.74
PHX,2,0.01
PHX,3,0.0
PHX,4,0.0
PHX,5,12.6
PHX,6,36.9
PHX,7,64.78
PHX,8,82.29
PHX,9,84.95
PHX,10,72.24
PHX,11,59.82
PHX,12,62.42
PHX,13,58.13
PHX,14,58.74
PHX,15,68.0
PHX,16,67.46
PHX,17,56.66
PHX,18,61.02
PHX,19,66.78
PHX,20,58.21
PHX,21,42.73
PHX,22,35.58
PHX,23,25.66
PIA,0,0.29
PIA,5,0.81
PIA,6,1.96
PIA,7,0.58
PIA,8,1.75
PIA,9,1.64
PIA,10,3.27
PIA,11,1.36
PIA,12,1.71
PIA,13,1.21
PIA,14,0.72
PIA,15,1.28
PIA,16,2.96
PIA,17,2.62
PIA,18,1.75
PIA,19,1.25
PIA,20,1.1
PIA,21,1.2
PIA,22,0.77
PIA,23,2.02
PIB,9,0.99
PIB,10,0.99
PIB,14,0.83
PIB,15,0.55
PIB,18,0.07
PIE,0,0.0
PIE,5,0.01
PIE,6,2.71
PIE,7,2.43
PIE,8,2.44
PIE,9,1.7
PIE,10,1.96
PIE,11,2.76
PIE,12,4.11
PIE,13,3.59
PIE,14,3.67
PIE,15,3.31
PIE,16,3.13
PIE,17,3.65
PIE,18,3.3
PIE,19,1.78
PIE,20,2.05
PIE,21,1.64
PIE,22,1.67
PIE,23,3.67
PIH,10,0.24
PIH,11,0.57
PIH,12,0.78
PIH,13,0.36
PIH,14,0.05
PIH,18,0.23
PIH,19,0.23
PIR,6,0.99
PIR,9,0.01
PIR,16,0.72
PIR,17,0.72
PIR,18,0.19
PIR,19,0.1
PIR,22,0.19
PIR,23,0.71
PIT,0,2.64
PIT,1,0.28
PIT,2,0.01
PIT,4,0.05
PIT,5,5.03
PIT,6,18.24
PIT,7,11.14
PIT,8,10.68
PIT,9,11.56
PIT,10,13.68
PIT,11,11.75
PIT,12,11.44
PIT,13,10.05
PIT,14,9.75
PIT,15,14.12
PIT,16,17.02
PIT,17,16.05
PIT,18,16.4
PIT,19,13.87
PIT,20,9.59
PIT,21,8.54
PIT,22,9.59
PIT,23,13.33
PLN,9,0.41
PLN,10,0.55
PLN,13,0.68
PLN,14,0.8
PLN,15,0.38
PLN,17,1.74
PLN,18,0.21
PLN,19,0.02
PNS,5,0.96
PNS,6,4.08
PNS,7,4.53
PNS,8,2.83
PNS,9,3.49
PNS,10,5.9
PNS,11,4.84
PNS,12,3.93
PNS,13,4.73
PNS,14,5.85
PNS,15,6.25
PNS,16,6.98
PNS,17,4.85
PNS,18,5.15
PNS,19,4.13
PNS,20,1.64
PNS,21,2.85
PNS,22,1.58
PNS,23,1.84
PPG,21,0.31
PPG,23,0.31
PQI,5,1.0
PQI,22,1.0
PRC,5,0.01
PRC,8,0.55
PRC,9,0.75
PRC,10,0.52
PRC,11,0.42
PRC,12,0.28
PRC,14,0.4
PRC,15,0.19
PRC,16,0.65
PRC,17,0.66
PRC,18,0.0
PRC,21,0.56
PRC,22,0.34
PSC,0,0.42
PSC,1,0.01
PSC,5,3.2
PSC,6,2.54
PSC,7,1.37
PSC,8,0.74
PSC,9,0.63
PSC,10,0.88
PSC,11,2.21
PSC,12,3.21
PSC,13,3.33
PSC,14,1.57
PSC,15,1.04
PSC,16,1.39
PSC,17,2.65
PSC,18,0.85
PSC,19,1.87
PSC,20,1.43
PSC,21,0.91
PSC,22,1.29
PSC,23,2.39
PSE,0,0.15
PSE,1,0.15
PSE,2,0.09
PSE,3,0.13
PSE,5,0.39
PSE,6,0.11
PSE,7,0.19
PSE,8,0.45
PSE,9,0.44
PSE,10,0.48
PSE,11,0.25
PSE,12,0.13
PSE,13,0.03
PSE,14,0.01
PSE,15,0.1
PSE,16,0.1
PSE,17,0.03
PSE,18,0.01
PSE,19,0.04
PSE,20,0.0
PSE,21,0.0
PSE,22,0.21
PSE,23,0.27
PSG,10,0.69
PSG,11,1.29
PSG,13,0.14
PSG,14,1.31
PSG,15,0.53
PSM,8,0.06
PSM,9,0.23
PSM,10,0.26
PSM,11,0.35
PSM,12,0.23
PSM,13,0.15
PSM,14,0.02
PSM,15,0.02
PSM,16,0.04
PSM,17,0.28
PSM,18,0.44
PSM,19,0.24
PSM,20,0.04
PSP,0,0.01
PSP,5,1.94
PSP,6,4.32
PSP,7,4.0
PSP,8,1.34
PSP,9,4.86
PSP,10,5.65
PSP,11,7.82
PSP,12,7.14
PSP,13,6.52
PSP,14,5.46
PSP,15,4.4
PSP,16,5.98
PSP,17,4.98
PSP,18,4.94
PSP,19,1.68
PSP,20,4.13
PSP,21,3.77
PSP,22,2.46
PSP,23,1.17
PVD,0,0.58
PVD,1,0.08
PVD,5,3.25
PVD,6,6.42
PVD,7,3.98
PVD,8,4.17
PVD,9,2.75
PVD,10,3.49
PVD,11,4.72
PVD,12,6.5
PVD,13,4.87
PVD,14,4.71
PVD,15,3.95
PVD,16,5.98
PVD,17,6.69
PVD,18,4.22
PVD,19,3.64
PVD,20,1.93
PVD,21,3.75
PVD,22,4.26
PVD,23,5.51
PVU,0,0.01
PVU,5,0.01
PVU,6,0.67
PVU,7,1.29
PVU,8,0.86
PVU,9,0.44
PVU,10,0.57
PVU,11,0.86
PVU,12,1.01
PVU,13,1.84
PVU,14,1.13
PVU,15,1.25
PVU,16,0.72
PVU,17,0.24
PVU,18,0.36
PVU,19,0.45
PVU,20,0.3
PVU,21,0.65
PVU,22,1.26
PVU,23,0.5
PWM,0,0.91
PWM,5,2.5
PWM,6,4.63
PWM,7,1.9
PWM,8,0.86
PWM,9,1.96
PWM,10,3.03
PWM,11,3.72
PWM,12,5.19
PWM,13,3.65
PWM,14,4.86
PWM,15,4.3
PWM,16,5.37
PWM,17,4.73
PWM,18,1.92
PWM,19,1.61
PWM,20,0.69
PWM,21,1.28
PWM,22,2.4
PWM,23,4.35
RAP,1,0.01
RAP,5,1.48
RAP,6,1.11
RAP,7,1.0
RAP,8,0.84
RAP,9,1.45
RAP,10,2.76
RAP,11,3.43
RAP,12,3.21
RAP,13,2.1
RAP,14,2.0
RAP,15,1.92
RAP,16,2.22
RAP,17,1.95
RAP,18,0.87
RAP,19,0.6
RAP,20,1.23
RAP,21,1.57
RAP,22,1.18
RAP,23,0.16
RDD,5,0.25
RDD,6,0.55
RDD,7,0.5
RDD,9,0.01
RDD,10,0.21
RDD,11,0.29
RDD,12,1.13
RDD,13,1.14
RDD,14,1.0
RDD,15,0.43
RDD,16,0.52
RDD,17,0.81
RDD,18,0.85
RDD,19,0.16
RDD,20,0.31
RDD,21,0.19
RDD,22,0.05
RDD,23,0.69
RDM,0,0.17
RDM,5,3.63
RDM,6,1.46
RDM,7,1.27
RDM,8,0.38
RDM,9,0.2
RDM,10,1.74
RDM,11,3.24
RDM,12,4.67
RDM,13,3.85
RDM,14,1.23
RDM,15,2.4
RDM,16,0.87
RDM,17,1.06
RDM,18,2.48
RDM,19,1.84
RDM,20,0.58
RDM,21,1.4
RDM,22,2.36
RDM,23,1.76
RDU,0,3.22
RDU,1,0.21
RDU,2,0.01
RDU,3,0.01
RDU,4,0.05
RDU,5,7.02
RDU,6,19.84
RDU,7,14.53
RDU,8,16.3
RDU,9,12.58
RDU,10,18.63
RDU,11,17.39
RDU,12,17.81
RDU,13,14.67
RDU,14,13.71
RDU,15,18.05
RDU,16,18.37
RDU,17,23.91
RDU,18,24.0
RDU,19,17.89
RDU,20,10.51
RDU,21,11.29
RDU,22,10.55
RDU,23,13.34
RFD,7,0.09
RFD,8,0.37
RFD,9,0.79
RFD,10,0.72
RFD,11,0.43
RFD,12,0.53
RFD,13,0.32
RFD,14,0.17
RFD,15,0.16
RFD,16,0.22
RFD,17,0.35
RFD,18,0.38
RFD,19,0.44
RFD,20,0.33
RFD,21,0.09
RFD,22,0.01
RHI,6,1.0
RHI,10,1.64
RHI,11,0.18
RHI,12,0.32
RHI,13,0.32
RHI,14,0.01
RHI,17,0.13
RHI,18,0.23
RHI,19,0.33
RHI,21,0.66
RIC,0,1.7
RIC,2,0.0
RIC,3,0.01
RIC,5,2.14
RIC,6,8.92
RIC,7,3.68
RIC,8,4.85
RIC,9,3.79
RIC,10,6.08
RIC,11,7.24
RIC,12,6.07
RIC,13,4.68
RIC,14,4.95
RIC,15,6.09
RIC,16,6.16
RIC,17,7.83
RIC,18,8.69
RIC,19,6.38
RIC,20,2.08
RIC,21,3.54
RIC,22,5.16
RIC,23,5.38
RIW,5,0.99
RIW,9,0.0
RIW,11,0.0
RIW,13,0.99
RIW,14,1.0
RIW,17,0.0
RIW,21,0.2
RIW,22,0.8
RKS,5,1.0
RKS,13,1.3
RKS,14,0.69
RKS,15,0.0
RKS,21,0.19
RKS,22,0.8
RNO,0,0.65
RNO,5,3.81
RNO,6,7.64
RNO,7,4.3
RNO,8,3.89
RNO,9,9.5
RNO,10,8.26
RNO,11,6.88
RNO,12,8.18
RNO,13,6.8
RNO,14,5.98
RNO,15,4.96
RNO,16,5.27
RNO,17,6.91
RNO,18,6.83
RNO,19,5.51
RNO,20,4.23
RNO,21,4.02
RNO,22,6.17
RNO,23,5.43
ROA,0,1.1
ROA,6,1.63
ROA,7,0.89
ROA,8,0.07
ROA,9,0.1
ROA,10,0.79
ROA,11,0.08
ROA,12,0.23
ROA,13,0.16
ROA,14,0.43
ROA,15,0.52
ROA,16,1.18
ROA,17,1.93
ROA,18,0.27
ROA,19,0.11
ROA,20,0.31
ROA,21,0.72
ROA,22,0.15
ROA,23,0.66
ROC,0,0.46
ROC,1,0.0
ROC,2,0.01
ROC,5,1.86
ROC,6,6.55
ROC,7,1.11
ROC,8,0.38
ROC,9,0.78
ROC,10,1.92
ROC,11,6.25
ROC,12,6.27
ROC,13,3.1
ROC,14,1.96
ROC,15,1.71
ROC,16,3.55
ROC,17,5.94
ROC,18,3.42
ROC,19,1.46
ROC,20,0.91
ROC,21,2.11
ROC,22,1.87
ROC,23,4.71
ROW,5,0.21
ROW,6,0.79
ROW,9,0.25
ROW,10,0.74
ROW,11,0.67
ROW,12,1.1
ROW,13,0.08
ROW,14,0.0
ROW,15,0.19
ROW,16,0.24
ROW,17,1.06
ROW,18,0.02
ROW,19,0.07
ROW,20,0.12
ROW,21,0.25
ROW,22,0.51
ROW,23,0.02
RST,0,0.13
RST,5,0.55
RST,6,0.53
RST,7,0.1
RST,9,0.13
RST,10,0.42
RST,11,1.08
RST,12,0.59
RST,13,0.02
RST,14,0.02
RST,15,0.05
RST,16,0.95
RST,17,0.34
RST,18,1.47
RST,19,0.11
RST,20,0.07
RST,21,0.01
RST,22,0.23
RST,23,0.68
RSW,0,1.86
RSW,1,0.11
RSW,4,0.01
RSW,5,1.86
RSW,6,8.01
RSW,7,7.29
RSW,8,6.73
RSW,9,10.18
RSW,10,13.96
RSW,11,18.59
RSW,12,13.05
RSW,13,11.24
RSW,14,11.48
RSW,15,11.77
RSW,16,11.97
RSW,17,12.94
RSW,18,13.76
RSW,19,10.46
RSW,20,7.9
RSW,21,6.78
RSW,22,5.76
RSW,23,5.14
SAF,6,1.16
SAF,7,1.45
SAF,8,0.0
SAF,9,2.01
SAF,10,1.81
SAF,11,1.01
SAF,12,2.76
SAF,13,1.94
SAF,14,1.71
SAF,15,1.78
SAF,16,1.61
SAF,17,1.93
SAF,18,1.7
SAF,19,0.51
SAF,20,0.63
SAF,21,1.38
SAF,22,0.38
SAN,0,1.76
SAN,1,0.01
SAN,5,0.73
SAN,6,26.15
SAN,7,32.45
SAN,8,37.84
SAN,9,36.56
SAN,10,35.24
SAN,11,34.48
SAN,12,35.91
SAN,13,32.22
SAN,14,27.96
SAN,15,28.54
SAN,16,27.57
SAN,17,27.7
SAN,18,31.1
SAN,19,30.57
SAN,20,36.04
SAN,21,30.39
SAN,22,24.66
SAN,23,11.14
SAT,0,4.46
SAT,1,0.75
SAT,2,0.0
SAT,3,0.01
SAT,4,0.0
SAT,5,9.52
SAT,6,13.28
SAT,7,10.98
SAT,8,8.57
SAT,9,8.39
SAT,10,10.48
SAT,11,13.65
SAT,12,15.05
SAT,13,14.12
SAT,14,13.77
SAT,15,13.21
SAT,16,15.13
SAT,17,14.8
SAT,18,11.28
SAT,19,8.92
SAT,20,9.03
SAT,21,8.06
SAT,22,7.89
SAT,23,9.08
SAV,0,0.43
SAV,1,0.01
SAV,3,0.01
SAV,5,1.93
SAV,6,5.65
SAV,7,4.5
SAV,8,3.07
SAV,9,3.41
SAV,10,8.83
SAV,11,7.39
SAV,12,6.78
SAV,13,5.41
SAV,14,7.89
SAV,15,7.63
SAV,16,6.08
SAV,17,6.88
SAV,18,6.78
SAV,19,5.94
SAV,20,4.32
SAV,21,4.42
SAV,22,2.91
SAV,23,4.6
SBA,0,0.25
SBA,5,2.9
SBA,6,3.36
SBA,7,0.3
SBA,8,0.75
SBA,9,2.33
SBA,10,2.08
SBA,11,3.61
SBA,12,4.73
SBA,13,3.73
SBA,14,2.53
SBA,15,1.53
SBA,16,3.99
SBA,17,2.29
SBA,18,3.76
SBA,19,1.71
SBA,20,1.45
SBA,21,1.69
SBA,22,2.13
SBA,23,1.89
SBN,0,0.13
SBN,5,0.2
SBN,6,2.7
SBN,7,2.89
SBN,8,1.43
SBN,9,1.85
SBN,10,0.98
SBN,11,4.49
SBN,12,3.43
SBN,13,2.73
SBN,14,1.83
SBN,15,1.43
SBN,16,4.36
SBN,17,2.06
SBN,18,2.78
SBN,19,2.49
SBN,20,2.15
SBN,21,2.51
SBN,22,2.4
SBN,23,1.53
SBP,5,1.04
SBP,6,2.72
SBP,7,0.35
SBP,8,0.91
SBP,9,0.56
SBP,10,0.5
SBP,11,1.28
SBP,12,4.33
SBP,13,1.53
SBP,14,1.59
SBP,15,1.1
SBP,16,1.92
SBP,17,1.8
SBP,18,2.13
SBP,19,1.58
SBP,20,0.86
SBP,21,0.69
SBP,22,0.88
SBP,23,1.67
SCC,7,0.73
SCC,8,0.73
SCC,13,0.12
SCC,14,0.1
SCC,15,0.0
SCC,16,0.0
SCC,17,0.56
SCC,18,0.56
SCE,0,0.1
SCE,6,0.21
SCE,8,0.13
SCE,9,0.21
SCE,10,1.32
SCE,11,0.12
SCE,12,0.0
SCE,13,0.03
SCE,14,0.02
SCE,15,0.01
SCE,16,0.26
SCE,17,0.46
SCE,18,0.07
SCE,19,0.07
SCE,20,0.19
SCE,21,0.02
SCE,23,0.03
SCK,7,0.1
SCK,8,0.14
SCK,9,0.07
SCK,10,0.07
SCK,11,0.12
SCK,12,0.11
SCK,13,0.1
SCK,14,0.32
SCK,15,0.45
SCK,16,0.37
SCK,17,0.13
SCK,18,0.12
SCK,19,0.03
SCK,20,0.14
SCK,21,0.39
SCK,22,0.21
SDF,0,2.2
SDF,1,0.12
SDF,2,0.0
SDF,5,2.19
SDF,6,8.77
SDF,7,6.48
SDF,8,4.44
SDF,9,5.19
SDF,10,9.04
SDF,11,7.46
SDF,12,8.13
SDF,13,7.52
SDF,14,7.16
SDF,15,7.67
SDF,16,7.03
SDF,17,9.02
SDF,18,6.31
SDF,19,6.63
SDF,20,4.73
SDF,21,5.2
SDF,22,6.13
SDF,23,5.4
SEA,0,7.61
SEA,1,0.81
SEA,2,0.01
SEA,4,0.33
SEA,5,12.08
SEA,6,24.74
SEA,7,49.83
SEA,8,63.12
SEA,9,60.07
SEA,10,73.17
SEA,11,59.18
SEA,12,46.51
SEA,13,42.8
SEA,14,47.55
SEA,15,46.14
SEA,16,45.15
SEA,17,50.63
SEA,18,44.02
SEA,19,50.09
SEA,20,48.53
SEA,21,51.48
SEA,22,46.24
SEA,23,33.07
SFB,5,0.0
SFB,6,3.27
SFB,7,2.4
SFB,8,2.89
SFB,9,2.25
SFB,10,2.22
SFB,11,2.96
SFB,12,4.65
SFB,13,4.17
SFB,14,3.92
SFB,15,3.33
SFB,16,2.91
SFB,17,3.77
SFB,18,4.12
SFB,19,2.71
SFB,20,2.36
SFB,21,2.16
SFB,22,2.02
SFB,23,3.33
SFO,0,10.63
SFO,1,1.39
SFO,2,0.01
SFO,4,0.02
SFO,5,10.68
SFO,6,21.31
SFO,7,44.5
SFO,8,51.95
SFO,9,62.63
SFO,10,51.92
SFO,11,49.01
SFO,12,46.14
SFO,13,43.94
SFO,14,31.54
SFO,15,46.18
SFO,16,46.7
SFO,17,38.39
SFO,18,36.33
SFO,19,39.62
SFO,20,41.24
SFO,21,61.73
SFO,22,36.87
SFO,23,36.26
SGF,1,0.0
SGF,5,1.06
SGF,6,1.88
SGF,7,1.87
SGF,8,2.51
SGF,9,3.3
SGF,10,3.95
SGF,11,2.55
SGF,12,3.59
SGF,13,2.6
SGF,14,1.9
SGF,15,2.58
SGF,16,2.85
SGF,17,3.51
SGF,18,3.24
SGF,19,2.33
SGF,20,2.54
SGF,21,1.85
SGF,22,1.8
SGF,23,1.01
SGU,0,0.45
SGU,5,2.41
SGU,6,0.62
SGU,7,0.89
SGU,8,0.53
SGU,9,0.56
SGU,10,2.9
SGU,11,3.02
SGU,12,1.64
SGU,13,2.59
SGU,14,1.03
SGU,15,1.0
SGU,16,2.04
SGU,17,1.42
SGU,18,1.3
SGU,19,0.22
SGU,20,0.04
SGU,21,1.26
SGU,22,0.74
SGU,23,1.13
SHD,5,0.42
SHD,6,0.03
SHD,12,0.75
SHD,13,0.2
SHD,20,0.05
SHD,21,0.42
SHD,22,0.03
SHR,5,0.99
SHR,8,0.0
SHR,9,0.02
SHR,10,0.01
SHR,13,0.99
SHR,14,1.0
SHR,17,0.18
SHR,18,0.0
SHR,21,0.2
SHR,22,0.8
SHV,5,1.01
SHV,6,1.92
SHV,7,2.77
SHV,8,1.88
SHV,9,1.82
SHV,10,1.74
SHV,11,2.08
SHV,12,2.53
SHV,13,0.74
SHV,14,0.8
SHV,15,1.15
SHV,16,2.87
SHV,17,3.01
SHV,18,1.07
SHV,19,1.79
SHV,20,2.13
SHV,21,2.02
SHV,22,2.24
SHV,23,0.47
SIT,6,0.99
SIT,7,0.27
SIT,10,1.13
SIT,11,0.87
SIT,12,0.26
SIT,13,0.39
SIT,14,0.14
SIT,18,1.0
SIT,19,0.99
SIT,22,1.26
SJC,0,0.11
SJC,5,0.6
SJC,6,13.37
SJC,7,12.71
SJC,8,14.62
SJC,9,15.18
SJC,10,14.88
SJC,11,14.07
SJC,12,14.53
SJC,13,15.41
SJC,14,14.42
SJC,15,11.47
SJC,16,13.52
SJC,17,13.41
SJC,18,13.79
SJC,19,15.85
SJC,20,13.38
SJC,21,10.82
SJC,22,12.04
SJC,23,2.98
SJT,5,0.92
SJT,6,0.08
SJT,7,0.0
SJT,9,0.78
SJT,10,1.07
SJT,11,0.12
SJT,17,0.32
SJT,18,1.63
SJT,21,0.0
SJT,22,0.46
SJT,23,0.52
SJU,0,5.63
SJU,1,3.6
SJU,2,3.49
SJU,3,1.66
SJU,4,0.69
SJU,5,4.85
SJU,6,8.98
SJU,7,9.0
SJU,8,5.09
SJU,9,6.15
SJU,10,6.62
SJU,11,8.87
SJU,12,12.5
SJU,13,14.08
SJU,14,17.02
SJU,15,16.86
SJU,16,13.54
SJU,17,11.22
SJU,18,9.94
SJU,19,6.29
SJU,20,7.78
SJU,21,6.59
SJU,22,4.63
SJU,23,8.38
SLC,0,3.47
SLC,1,0.38
SLC,2,0.01
SLC,4,0.04
SLC,5,5.55
SLC,6,11.75
SLC,7,32.76
SLC,8,41.55
SLC,9,43.58
SLC,10,53.4
SLC,11,40.13
SLC,12,32.01
SLC,13,37.14
SLC,14,34.2
SLC,15,50.05
SLC,16,38.92
SLC,17,38.97
SLC,18,11.37
SLC,19,37.9
SLC,20,48.76
SLC,21,30.39
SLC,22,33.9
SLC,23,19.41
SLN,6,0.99
SLN,9,1.0
SLN,10,0.56
SLN,11,0.33
SLN,16,0.01
SLN,18,0.75
SLN,19,0.25
SLN,20,0.77
SLN,21,0.12
SLN,22,0.94
SLN,23,0.05
SMF,0,1.52
SMF,1,0.0
SMF,2,0.01
SMF,5,8.08
SMF,6,15.89
SMF,7,15.69
SMF,8,18.76
SMF,9,17.49
SMF,10,19.0
SMF,11,19.49
SMF,12,20.01
SMF,13,17.55
SMF,14,16.48
SMF,15,12.2
SMF,16,14.83
SMF,17,14.03
SMF,18,17.47
SMF,19,21.49
SMF,20,19.34
SMF,21,14.53
SMF,22,14.76
SMF,23,9.88
SMX,5,0.56
SMX,9,0.02
SMX,10,0.02
SMX,13,0.01
SMX,14,0.05
SMX,15,0.62
SMX,16,0.59
SMX,17,0.08
SMX,18,0.02
SMX,19,0.08
SMX,20,0.01
SMX,21,0.13
SMX,22,0.6
SNA,6,9.17
SNA,7,11.56
SNA,8,14.85
SNA,9,17.15
SNA,10,18.51
SNA,11,21.27
SNA,12,18.64
SNA,13,16.22
SNA,14,15.06
SNA,15,13.1
SNA,16,13.52
SNA,17,14.89
SNA,18,17.8
SNA,19,13.1
SNA,20,13.43
SNA,21,10.71
SNA,22,8.86
SPI,0,0.16
SPI,5,0.3
SPI,6,0.52
SPI,7,0.03
SPI,8,0.03
SPI,9,0.03
SPI,10,0.11
SPI,11,0.02
SPI,12,0.18
SPI,13,0.33
SPI,14,0.82
SPI,15,0.26
SPI,16,0.14
SPI,17,0.22
SPI,18,0.57
SPI,19,0.11
SPI,20,0.07
SPI,21,0.0
SPI,22,0.1
SPI,23,0.52
SPN,5,0.04
SPN,6,0.13
SPN,8,0.99
SPN,9,0.82
SPN,13,0.0
SPN,15,0.0
SPN,20,0.0
SPN,21,0.0
SPS,5,0.21
SPS,6,0.79
SPS,13,0.79
SPS,14,1.21
SPS,15,0.01
SPS,19,0.0
SPS,20,0.12
SPS,21,0.02
SPS,22,0.65
SPS,23,0.2
SRQ,0,0.74
SRQ,5,0.28
SRQ,6,5.36
SRQ,7,3.7
SRQ,8,2.64
SRQ,9,2.81
SRQ,10,5.26
SRQ,11,10.71
SRQ,12,8.11
SRQ,13,6.5
SRQ,14,5.84
SRQ,15,6.88
SRQ,16,7.19
SRQ,17,7.39
SRQ,18,6.07
SRQ,19,3.87
SRQ,20,3.4
SRQ,21,2.72
SRQ,22,2.92
SRQ,23,3.1
STC,9,0.06
STC,10,0.05
STC,11,0.05
STC,12,0.17
STC,13,0.04
STC,14,0.02
STC,15,0.0
STC,16,0.0
STC,17,0.03
STC,18,0.1
STC,19,0.15
STC,20,0.1
STC,21,0.07
STC,22,0.0
STL,0,2.54
STL,1,0.47
STL,5,9.18
STL,6,14.4
STL,7,22.8
STL,8,22.34
STL,9,27.49
STL,10,20.9
STL,11,13.07
STL,12,13.72
STL,13,20.57
STL,14,19.57
STL,15,17.75
STL,16,18.84
STL,17,22.9
STL,18,21.78
STL,19,22.4
STL,20,20.88
STL,21,14.64
STL,22,9.33
STL,23,11.38
STS,6,1.06
STS,7,1.99
STS,8,0.64
STS,9,1.33
STS,10,2.34
STS,11,2.48
STS,12,3.32
STS,13,2.14
STS,14,2.82
STS,15,2.1
STS,16,2.76
STS,17,0.95
STS,18,1.76
STS,19,2.53
STS,20,0.77
STS,21,0.37
STS,22,0.51
STS,23,1.44
STT,9,0.2
STT,10,0.39
STT,11,2.0
STT,12,3.65
STT,13,6.49
STT,14,5.98
STT,15,5.41
STT,16,4.14
STT,17,1.67
STT,18,0.46
STX,8,0.15
STX,9,0.23
STX,10,0.03
STX,11,0.08
STX,12,0.24
STX,13,1.05
STX,14,1.48
STX,15,1.93
STX,16,1.15
STX,17,0.61
STX,18,0.29
STX,20,0.2
STX,21,0.1
STX,22,0.05
SUN,6,0.0
SUN,7,2.04
SUN,8,0.71
SUN,10,0.14
SUN,11,0.65
SUN,12,2.54
SUN,13,2.29
SUN,14,2.2
SUN,15,1.22
SUN,16,0.27
SUN,17,0.04
SUN,18,0.21
SUN,19,0.0
SUN,20,0.12
SUN,21,1.95
SUN,22,0.66
SUX,6,0.37
SUX,7,0.41
SUX,8,0.17
SUX,10,0.61
SUX,11,0.2
SUX,12,0.32
SUX,13,0.06
SUX,15,0.01
SUX,16,0.0
SUX,17,0.51
SUX,18,1.34
SUX,22,0.29
SUX,23,0.56
SWF,8,0.04
SWF,9,0.18
SWF,10,0.4
SWF,11,0.39
SWF,12,0.1
SWF,13,0.06
SWF,14,0.03
SWF,15,0.01
SWF,16,0.11
SWF,17,0.52
SWF,18,0.65
SWF,19,0.55
SWF,20,0.12
SWF,21,0.0
SWO,6,1.0
SWO,13,0.3
SWO,14,1.18
SWO,15,0.52
SWO,18,0.01
SWO,19,0.0
SWO,20,0.01
SWO,22,0.98
SWO,23,0.0
SYR,0,0.98
SYR,2,0.01
SYR,5,1.49
SYR,6,5.58
SYR,7,2.7
SYR,8,1.61
SYR,9,1.52
SYR,10,3.01
SYR,11,5.79
SYR,12,3.77
SYR,13,1.7
SYR,14,1.11
SYR,15,1.07
SYR,16,4.39
SYR,17,5.55
SYR,18,2.84
SYR,19,2.44
SYR,20,1.66
SYR,21,1.29
SYR,22,2.01
SYR,23,6.16
TLH,0,0.12
TLH,5,0.95
TLH,6,1.97
TLH,7,1.65
TLH,8,0.44
TLH,9,2.14
TLH,10,1.12
TLH,11,0.65
TLH,12,0.77
TLH,13,1.87
TLH,14,1.16
TLH,15,0.84
TLH,16,1.03
TLH,17,1.77
TLH,18,1.84
TLH,19,1.2
TLH,20,2.13
TLH,21,0.08
TLH,22,2.38
TLH,23,1.34
TOL,8,0.13
TOL,9,0.25
TOL,10,0.28
TOL,11,0.33
TOL,12,0.09
TOL,13,0.05
TOL,14,0.15
TOL,15,0.16
TOL,16,0.12
TOL,17,0.24
TOL,18,0.33
TOL,19,0.1
TOL,20,0.08
TOL,21,0.05
TPA,0,5.88
TPA,1,0.65
TPA,3,0.01
TPA,4,0.1
TPA,5,9.53
TPA,6,15.92
TPA,7,26.46
TPA,8,21.87
TPA,9,27.14
TPA,10,27.43
TPA,11,27.88
TPA,12,22.3
TPA,13,21.5
TPA,14,18.46
TPA,15,22.51
TPA,16,26.79
TPA,17,27.81
TPA,18,28.64
TPA,19,24.52
TPA,20,20.37
TPA,21,18.91
TPA,22,14.0
TPA,23,12.11
TRI,0,0.19
TRI,5,0.14
TRI,6,0.69
TRI,7,0.81
TRI,8,0.07
TRI,9,0.11
TRI,10,0.24
TRI,11,0.02
TRI,12,0.43
TRI,13,0.21
TRI,14,0.33
TRI,15,1.15
TRI,16,1.43
TRI,17,0.46
TRI,18,0.19
TRI,19,0.13
TRI,20,0.02
TRI,21,0.09
TRI,22,1.23
TRI,23,0.2
TTN,6,0.51
TTN,7,0.06
TTN,8,0.31
TTN,9,0.36
TTN,10,0.37
TTN,11,0.62
TTN,12,0.24
TTN,13,0.08
TTN,14,0.06
TTN,15,0.45
TTN,16,0.48
TTN,17,0.27
TTN,18,0.31
TTN,19,0.33
TTN,20,0.25
TTN,21,0.21
TTN,22,0.03
TTN,23,0.62
TUL,0,1.46
TUL,1,0.25
TUL,2,0.01
TUL,5,3.4
TUL,6,5.75
TUL,7,4.77
TUL,8,4.75
TUL,9,6.21
TUL,10,4.22
TUL,11,5.51
TUL,12,6.16
TUL,13,6.45
TUL,14,4.8
TUL,15,8.3
TUL,16,6.25
TUL,17,5.61
TUL,18,5.87
TUL,19,4.05
TUL,20,3.86
TUL,21,2.72
TUL,22,4.34
TUL,23,5.59
TUS,0,0.36
TUS,1,0.08
TUS,5,2.71
TUS,6,6.38
TUS,7,6.11
TUS,8,4.33
TUS,9,5.9
TUS,10,6.74
TUS,11,9.69
TUS,12,9.75
TUS,13,6.77
TUS,14,5.74
TUS,15,5.76
TUS,16,6.85
TUS,17,6.48
TUS,18,4.03
TUS,19,3.65
TUS,20,4.24
TUS,21,5.35
TUS,22,3.56
TUS,23,2.55
TVC,0,0.39
TVC,5,0.5
TVC,6,1.62
TVC,7,0.96
TVC,8,0.21
TVC,9,1.0
TVC,10,0.72
TVC,11,2.63
TVC,12,3.14
TVC,13,3.0
TVC,14,2.41
TVC,15,1.71
TVC,16,1.91
TVC,17,4.08
TVC,18,1.01
TVC,19,1.31
TVC,20,1.05
TVC,21,0.39
TVC,22,1.06
TVC,23,1.55
TWF,6,1.0
TWF,10,0.36
TWF,11,0.36
TWF,12,0.07
TWF,13,0.07
TWF,14,0.76
TWF,15,0.92
TWF,16,0.01
TWF,18,0.05
TWF,19,0.0
TWF,22,0.94
TXK,0,0.12
TXK,5,0.12
TXK,6,0.87
TXK,13,0.31
TXK,14,1.61
TXK,15,0.03
TXK,16,0.03
TXK,18,0.0
TXK,19,0.01
TXK,20,0.1
TXK,22,0.48
TXK,23,0.28
TYR,5,0.3
TYR,6,0.67
TYR,9,0.78
TYR,10,1.22
TYR,16,0.62
TYR,17,0.59
TYR,18,0.78
TYR,20,0.01
TYR,21,0.01
TYR,22,0.36
TYR,23,0.58
TYS,0,0.35
TYS,2,0.0
TYS,5,2.02
TYS,6,3.45
TYS,7,4.31
TYS,8,3.16
TYS,9,1.18
TYS,10,4.26
TYS,11,5.21
TYS,12,4.81
TYS,13,4.56
TYS,14,3.4
TYS,15,4.89
TYS,16,5.7
TYS,17,6.56
TYS,18,4.33
TYS,19,2.3
TYS,20,3.01
TYS,21,3.81
TYS,22,3.47
TYS,23,3.51
USA,7,0.04
USA,8,0.12
USA,9,0.09
USA,10,0.08
USA,11,0.06
USA,12,0.04
USA,13,0.11
USA,14,0.78
USA,15,0.77
USA,16,0.29
USA,17,0.17
USA,18,0.08
USA,19,0.09
USA,20,0.43
USA,21,0.55
USA,22,0.08
VCT,5,0.91
VCT,9,0.0
VCT,11,0.0
VCT,14,0.18
VCT,15,0.39
VCT,16,0.34
VCT,17,0.14
VCT,18,0.19
VCT,19,0.19
VCT,22,0.86
VCT,23,0.05
VPS,0,0.0
VPS,6,2.78
VPS,7,3.76
VPS,8,2.14
VPS,9,3.08
VPS,10,4.95
VPS,11,4.9
VPS,12,5.64
VPS,13,3.9
VPS,14,4.24
VPS,15,3.85
VPS,16,3.88
VPS,17,3.31
VPS,18,4.37
VPS,19,2.33
VPS,20,1.36
VPS,21,2.21
VPS,22,1.18
VPS,23,2.28
VRB,9,0.01
VRB,10,0.08
VRB,11,0.82
VRB,12,0.73
VRB,13,1.1
VRB,14,0.62
VRB,15,0.07
VRB,17,0.01
VRB,18,0.01
VRB,19,0.01
WRG,8,0.0
WRG,9,0.99
WRG,10,0.99
WRG,15,1.13
WRG,16,0.85
WYS,9,0.03
WYS,10,0.08
WYS,11,0.06
WYS,12,0.19
WYS,13,0.8
WYS,14,0.45
WYS,15,0.16
WYS,16,0.09
WYS,17,0.09
XNA,0,0.52
XNA,1,0.01
XNA,4,0.01
XNA,5,1.92
XNA,6,4.49
XNA,7,3.85
XNA,8,4.32
XNA,9,5.39
XNA,10,3.08
XNA,11,4.47
XNA,12,3.19
XNA,13,4.9
XNA,14,4.56
XNA,15,4.29
XNA,16,4.76
XNA,17,6.44
XNA,18,3.92
XNA,19,4.12
XNA,20,4.16
XNA,21,3.33
XNA,22,2.35
XNA,23,3.06
XWA,5,0.72
XWA,6,0.41
XWA,7,1.0
XWA,10,0.56
XWA,11,1.25
XWA,12,1.45
XWA,13,0.29
XWA,14,1.7
XWA,15,1.63
XWA,16,0.33
XWA,17,0.67
XWA,18,0.82
XWA,19,0.02
XWA,21,0.12
XWA,22,1.55
XWA,23,0.69
YAK,10,0.99
YAK,11,0.99
YAK,15,0.41
YAK,16,1.14
YAK,17,0.44
YUM,2,0.0
YUM,5,0.33
YUM,6,1.36
YUM,7,0.22
YUM,8,0.05
YUM,9,0.28
YUM,10,0.57
YUM,11,1.26
YUM,12,0.7
YUM,13,0.08
YUM,14,0.25
YUM,15,0.21
YUM,16,0.33
YUM,17,1.04
YUM,18,0.57
YUM,19,0.18
YUM,20,0.23
YUM,21,0.58
YUM,22,0.73
YUM,23,0.29
